claimId,product,aspect,condition,claimType,directionLabel,question,answer,positive,negative,neutral,spoke,silent,cell,confidence,hedgeReasons,limitations,evidenceCount,quotes
p009|skinTrouble=C05|가성비,더샘 커버 퍼펙션 트리플 팟 컨실러,가성비,트러블 고민,conditional,긍정,저렴한 컨실러인데 값어치는 하는 걸까?,"가격을 고려하면 만족스럽다는 말이 여러 리뷰에서 반복된다. 단순히 싸다는 게 아니라 그 가격에 이 정도 제품력이면 괜찮다는 식의 평가가 많고, 다른 브랜드와 비교해도 이만한 게 없다는 언급도 있다. 다만 무엇이 좋았는지 구체적으로 짚은 내용보다는 가성비 자체를 짧게 언급한 경우가 대부분이다.",8,0,0,8,71,79,hedged,말하지 않은 사람이 많다 · 게이트가 한계를 남겼다,태거 방향 오류 가능,3,"[positive] 가성비 최고예요 (리뷰 62671770)
[positive] 가격대비 제품력이 좋습니다 (리뷰 62394267)
[positive] 가성비 컨실러로 더샘 만한 게 없습니다 (리뷰 63713806)"
p009|skinType=미기재|가성비,더샘 커버 퍼펙션 트리플 팟 컨실러,가성비,피부타입을 안 밝힌 리뷰,conditional,긍정,이 가격에 이 정도 컨실러면 괜찮은 걸까?,"가격 대비 용량이 넉넉하고 다크서클 커버 등 실사용에 충분하다는 평가가 많다. 매트한 타입이 가성비 면에서 더 낫다는 언급도 있어, 타입 선택에 참고할 만하다.",13,0,0,13,209,222,hedged,말하지 않은 사람이 많다 · 게이트가 한계를 남겼다,태거 방향 오류 가능,3,"[positive] 가격 대비 용량이 넉넉함 (리뷰 63233705)
[positive] 가성비갑 다크서클컨실러임 (리뷰 61407271)
[positive] 가성비로 따지면 매트한게 나요 (리뷰 63876253)"
p009|skinType=A02|밀착력,더샘 커버 퍼펙션 트리플 팟 컨실러,밀착력,건성 피부,conditional,혼재,건성인데 이 컨실러 하나로 시간 지나도 안 뜰까?,"시간이 지나도 들뜨지 않고 밀착력이 유지된다는 말이 많다. 다만 잘 뜬다며 아쉬워하는 리뷰도 있어, 건성이라고 해서 무조건 밀착이 보장되는 것은 아니라는 점은 감안할 필요가 있다.",8,2,0,10,54,64,hedged,의견이 갈린다 · 말하지 않은 사람이 많다 · 게이트가 한계를 남겼다,태거 방향 오류 가능,3,"[positive] 밀착력도 괜찮아서 시간이 지나도 쉽게 무너지지 않았고 (리뷰 63421471)
[positive] 밀착력이 좋아 시간이 지나도 쉽게 무너지지 않는 (리뷰 63555952)
[negative] 잘 떠서 아쉬웠어요ㅠㅠㅠㅠ (리뷰 63362447)"
p009|skinType=A03|밀착력,더샘 커버 퍼펙션 트리플 팟 컨실러,밀착력,복합성 피부,conditional,혼재,복합성인데 오래 지나도 뜨지 않고 밀착될까?,"얇고 쫀쫀하게 밀착되면서 피부에서 뜨지 않는다는 평이 많다. 다만 눈가처럼 건조한 부위는 기초를 탄탄히 하지 않으면 살짝 끼임이 느껴진다는 말이 있고, 유분이 많은 부위에서는 쉽게 들뜬다는 언급도 있다. 복합성이라면 부위별로 밀착감이 다르게 느껴질 수 있다는 뜻이다.",9,14,0,23,83,106,hedged,의견이 갈린다 · 말하지 않은 사람이 많다 · 게이트가 한계를 남겼다,태거 방향 오류 가능,3,"[positive] 얇고 쫀쫀하게 밀착되면서 (리뷰 62671770)
[negative] 눈가처럼 건조한 부위에는 기초를 탄탄하게 해주지 않으면 살짝 끼임이 느껴질 수 있어요. (리뷰 61692431)
[negative] 수부지인 제 피부에 쉽게 들뜨기 때문에 (리뷰 37892820)"
p009|skinTrouble=C06|밀착력,더샘 커버 퍼펙션 트리플 팟 컨실러,밀착력,블랙헤드 고민,conditional,혼재,블랙헤드 있는 피부인데 요철 부위에서 뜨거나 부각되지 않을까?,"얇게 밀착되고 끼임이 적다는 말도 있지만, 요철이 있는 곳에 바르면 오히려 부각되고 각질처럼 하얗게 뜬다는 리뷰가 더 많다. 파데를 올리면 벗겨지거나 자국이 남는다는 말도 있어, 기초를 충분히 해도 밀착력 자체가 약하다는 지적이 꾸준하다.",2,6,0,8,30,38,hedged,의견이 갈린다 · 말하지 않은 사람이 많다 · 게이트가 한계를 남겼다,태거 방향 오류 가능,4,"[negative] 안그러면 하얗게 각질처럼 떠보여요 (리뷰 49388854)
[negative] 요철있는곳에  바르면 부각 미침 (리뷰 63861655)
[negative] 밀착력이 좀 떨어지고 (리뷰 61392648)
[positive] 끼임이 적어서 (리뷰 62934586)"
p009|skinTrouble=C01|밀착력,더샘 커버 퍼펙션 트리플 팟 컨실러,밀착력,잡티 고민,conditional,혼재,잡티 가리려고 쓰는데 뜨거나 밀리지 않고 잘 붙어있을까?,"얇게 발려도 시간이 지나도 무너지지 않고 들뜨거나 밀리지 않는다는 평이 많다. 다만 건성 피부에는 뻑뻑한 타입이라 뜰 가능성이 크다는 지적이 있고, 반대로 잘 달라붙지 않는다는 짧은 불만도 있다.",11,7,0,18,84,102,hedged,의견이 갈린다 · 말하지 않은 사람이 많다 · 게이트가 한계를 남겼다,태거 방향 오류 가능,4,"[positive] 밀착력도 괜찮아서 시간이 지나도 쉽게 무너지지 않았고 (리뷰 63421471)
[positive] 그래도 들뜨는건 없어서 좋았어요 (리뷰 46926971)
[negative] 건성 피부가 쓰기에는 무조건 뜰 가능성이 큰 뻑뻑한 타입임 (리뷰 61298871)
[negative] 척척 달라붙지가 않음 (리뷰 37389299)"
p009|product=None|밀착력,더샘 커버 퍼펙션 트리플 팟 컨실러,밀착력,조건 없음 (이 제품 리뷰 전체),unconditional,혼재,건조한 부위나 건성 피부에도 뜨지 않고 밀착될까?,"촉촉하게 밀착되고 시간이 지나도 무너지지 않는다는 평이 많다. 다만 건성 피부는 뻑뻑하게 느껴져 뜰 가능성이 있다는 지적이 있고, 눈가처럼 건조한 부위는 기초를 탄탄히 해주지 않으면 살짝 끼임이 느껴질 수 있다는 언급도 나온다.",48,45,0,93,367,460,hedged,의견이 갈린다 · 말하지 않은 사람이 많다 · 게이트가 한계를 남겼다,태거 방향 오류 가능,4,"[negative] 건성 피부가 쓰기에는 무조건 뜰 가능성이 큰 뻑뻑한 타입임 (리뷰 61298871)
[positive] 촉촉한편이라 밀착잘되고 (리뷰 46218411)
[negative] 눈가처럼 건조한 부위에는 기초를 탄탄하게 해주지 않으면 살짝 끼임이 느껴질 수 있어요. (리뷰 61692431)
[positive] 밀착력도 괜찮아서 시간이 지나도 쉽게 무너지지 않았고 (리뷰 63421471)"
p009|skinTrouble=C05|밀착력,더샘 커버 퍼펙션 트리플 팟 컨실러,밀착력,트러블 고민,conditional,혼재,트러블 피부인데 뜨거나 들뜨지 않고 밀착될까?,"얇고 쫀쫀하게 밀착되면서 피부에서 뜨지 않는다는 말이 여럿 나온다. 반면 매트한 제형 탓에 뜨는 느낌이 있고 금방 끼인다는 리뷰도 비슷한 비중으로 나온다. 건성이면 뻑뻑해서 들뜰 가능성이 크다는 언급도 있어, 수분감이 부족한 피부에서 갈리는 것으로 보인다.",7,8,0,15,64,79,hedged,의견이 갈린다 · 말하지 않은 사람이 많다 · 게이트가 한계를 남겼다,태거 방향 오류 가능,5,"[positive] 그만큼 이 컨실러 밀착력과 지속력이 좋다는 얘기예요 (리뷰 35966796)
[positive] 얇고 쫀쫀하게 밀착되면서 (리뷰 62671770)
[negative] 좀 매트해서 뜨는것같은 느낌도 있어서 (리뷰 63592153)
[negative] 금방 뜨고 끼여요ㅠㅠ (리뷰 62718214)
[negative] 건성 피부가 쓰기에는 무조건 뜰 가능성이 큰 뻑뻑한 타입임 (리뷰 61298871)"
p009|skinTrouble=미기재|밀착력,더샘 커버 퍼펙션 트리플 팟 컨실러,밀착력,피부고민을 안 밝힌 리뷰,conditional,혼재,시간 지나도 뜨거나 갈라지지 않고 잘 붙어있을까?,"피부에 자연스럽게 밀착되고 시간이 지나도 크게 들뜨지 않는다는 말이 많다. 다만 수분이 부족한 복합성 피부는 시간이 지나며 들뜨거나 뭉친다는 지적이 있고, 다크서클처럼 접히는 부위에 바르면 갈라지고 뜬다는 리뷰도 나온다. 뜬다는 언급만 반복하는 리뷰도 있어 부위·피부 상태에 따라 갈리는 것으로 보인다.",28,26,0,54,189,243,hedged,의견이 갈린다 · 말하지 않은 사람이 많다 · 게이트가 한계를 남겼다,태거 방향 오류 가능,5,"[positive] 피부에 자연스럽게 밀착되고 (리뷰 63552427)
[positive] 밀착력이 좋아 시간이 지나도 크게 들뜨지 않았습니다 (리뷰 62603695)
[negative] 수분 부족형 복합성 피부는 시간이 지나며 들뜨거나 뭉침 (리뷰 63233705)
[negative] 다크서클 바르기엔 좀 갈라지고 뜨더라구요 (리뷰 57895421)
[negative] 떠요, 뜹니다, 뜨고요… (리뷰 63966521)"
p009|skinType=미기재|밀착력,더샘 커버 퍼펙션 트리플 팟 컨실러,밀착력,피부타입을 안 밝힌 리뷰,conditional,혼재,시간 지나도 뜨거나 갈라지지 않고 밀착될까?,"얇게 밀착되어 시간이 지나도 크게 들뜨지 않는다는 말이 많다. 다만 수분 부족형 복합성 피부는 시간이 지나며 들뜨거나 뭉친다는 언급이 있고, 다크서클 부위처럼 접히는 곳에는 갈라지고 뜬다는 리뷰도 나온다.",26,20,0,46,176,222,hedged,의견이 갈린다 · 말하지 않은 사람이 많다 · 게이트가 한계를 남겼다,태거 방향 오류 가능,5,"[positive] 밀착력이 뛰어나 (리뷰 63562000)
[positive] 밀착력이 좋아 시간이 지나도 크게 들뜨지 않았습니다 (리뷰 62603695)
[negative] 수분 부족형 복합성 피부는 시간이 지나며 들뜨거나 뭉침 (리뷰 63233705)
[negative] 다크서클 바르기엔 좀 갈라지고 뜨더라구요 (리뷰 57895421)
[negative] 떠요, 뜹니다, 뜨고요… (리뷰 63966521)"
p009|skinType=A02|발림감/텍스처,더샘 커버 퍼펙션 트리플 팟 컨실러,발림감/텍스처,건성 피부,conditional,혼재,건성인데 이거 발림이 부드럽게 잘 될까?,"부드럽게 잘 발리고 발림성이 좋다는 평이 많다. 다만 매트하게 발려서 건조함을 느꼈다는 리뷰와, 발림성이 두꺼운 편이라는 리뷰도 함께 나온다. 건성 입장에서는 이 매트함과 두께감이 부드럽다는 평과 갈리는 지점으로 보인다.",8,4,1,13,51,64,hedged,의견이 갈린다 · 말하지 않은 사람이 많다 · 게이트가 한계를 남겼다,태거 방향 오류 가능,4,"[positive] 부드럽게 잘 발리면서 (리뷰 57030679)
[negative] 바를때 매트하게 발려서 (리뷰 46926971)
[negative] 발림성이 두꺼운 편에 속한 것 같고 (리뷰 63362447)
[positive] 가장 부드럽게 잘 발리고 (리뷰 46517713)"
p009|skinTrouble=C02|발림감/텍스처,더샘 커버 퍼펙션 트리플 팟 컨실러,발림감/텍스처,미백 고민,conditional,혼재,"이 컨실러, 발림감은 부드러운 편일까?","부드럽게 잘 발리고 촉촉하다는 말이 많고, 꾸덕하지 않아 손이나 브러시로 자연스럽게 펴 바를 수 있다는 후기도 있다. 다만 어쩔 수 없는 두께감이 있다는 언급도 있어, 얇게 잘 퍼지는 제형이라는 평과 다소 두껍게 앉는다는 평이 함께 나온다.",11,5,1,17,58,75,hedged,의견이 갈린다 · 말하지 않은 사람이 많다 · 게이트가 한계를 남겼다,태거 방향 오류 가능,4,"[positive] 부드럽게 발리며 (리뷰 58697312)
[positive] 제형은 촉촉 그 자체에요 (리뷰 38308642)
[negative] 어쩔 수 없는 두께감이 있어요 (리뷰 51996593)
[positive] 얇게 발리는 제형이에요 (리뷰 52144360)"
p009|skinType=A03|발림감/텍스처,더샘 커버 퍼펙션 트리플 팟 컨실러,발림감/텍스처,복합성 피부,conditional,혼재,복합성인데 발림감이 부드럽고 두껍게 뜨지 않을까?,"손이나 브러시로 자연스럽게 펴 발리고 스며드는 느낌이 좋다는 말이 많다. 다만 어쩔 수 없는 두께감이 있다는 지적도 나와서, 컨실러 특성상 얇게만 쓰기는 어렵다는 반응이 함께 보인다.",15,9,2,26,80,106,hedged,의견이 갈린다 · 말하지 않은 사람이 많다 · 게이트가 한계를 남겼다,태거 방향 오류 가능,3,"[positive] 제형도 너무 꾸덕하지 않아 브러시나 손으로 자연스럽게 펴 바를 수 있었어요. (리뷰 61692431)
[positive] 부드럽게 스며드는 느낌이었어요 (리뷰 62170989)
[negative] 어쩔 수 없는 두께감이 있어요 (리뷰 51996593)"
p009|skinTrouble=C01|발림감/텍스처,더샘 커버 퍼펙션 트리플 팟 컨실러,발림감/텍스처,잡티 고민,conditional,혼재,잡티 가리려는데 두껍게 뜨지 않고 부드럽게 발릴까?,"블렌딩이 잘 되고 얇게 잘 발린다는 말이 많은 한편, 제형 자체가 꾸덕한 편이라 두껍게 발리고 어쩔 수 없는 두께감이 남는다는 말도 비슷하게 나온다. 매트하게 발린다는 언급도 있어, 촉촉하게 퍼지는 느낌보다는 잡티를 확실히 덮는 쪽에 가까운 제형으로 보인다.",10,11,2,23,79,102,hedged,의견이 갈린다 · 말하지 않은 사람이 많다 · 게이트가 한계를 남겼다,태거 방향 오류 가능,6,"[negative] 제형 자체가 엄청 꾸덕한 편이라서 두껍게 발리는 타입 (리뷰 61298871)
[positive] 부드럽게 발리며 (리뷰 58697312)
[negative] 어쩔 수 없는 두께감이 있어요 (리뷰 51996593)
[positive] 잘 발리고, 블렌딩도 잘 되던데요 (리뷰 52830829)
[negative] 바를때 매트하게 발려서 (리뷰 46926971)
[positive] 얇게 발리는 제형이에요 (리뷰 52144360)"
p009|product=None|발림감/텍스처,더샘 커버 퍼펙션 트리플 팟 컨실러,발림감/텍스처,조건 없음 (이 제품 리뷰 전체),unconditional,혼재,"이 컨실러 발림감이 부드러운 편일까, 두껍게 뜨는 편일까?","부드럽게 잘 발리고 촉촉하다는 평이 많다. 다만 제형 자체가 꾸덕한 편이라 두껍게 발린다는 말이 함께 나오고, 특히 여름철에는 두께감이 부담스럽다는 언급이 있다. 매트하다는 평도 섞여 있어 발색 후 마무리 질감은 사람마다 다르게 느끼는 듯하다.",65,35,14,114,346,460,hedged,의견이 갈린다 · 말하지 않은 사람이 많다 · 게이트가 한계를 남겼다,태거 방향 오류 가능,5,"[positive] 부드럽게 발리며 (리뷰 58697312)
[positive] 제형은 촉촉 그 자체에요 (리뷰 38308642)
[negative] 제형 자체가 엄청 꾸덕한 편이라서 두껍게 발리는 타입 (리뷰 61298871)
[negative] 여름에 쓰면 조금 두꺼운 타입이라 (리뷰 61352499)
[negative] 어쩔 수 없는 두께감이 있어요 (리뷰 51996593)"
p009|skinTrouble=미기재|발림감/텍스처,더샘 커버 퍼펙션 트리플 팟 컨실러,발림감/텍스처,피부고민을 안 밝힌 리뷰,conditional,혼재,"이거 발림감이 부드러운 편일까, 각질 있으면 오히려 티 날까?","부드럽고 크리미하게 발린다는 평이 많고, 별도 프라이머 없이 바로 쓸 만하다는 언급도 있다. 다만 제형이 매트한 편이라 피부에 올리면 각질이 더 도드라진다는 리뷰가 있고, 퍽퍽하다는 말도 나온다. 각질 정리가 안 된 상태라면 크리미한 발림감과는 다른 인상을 받을 수 있다.",34,19,10,63,180,243,hedged,의견이 갈린다 · 말하지 않은 사람이 많다 · 게이트가 한계를 남겼다,태거 방향 오류 가능,3,"[positive] 크리미하게 발리면서도 (리뷰 63562000)
[negative] 제형이 좀 매트한 편이라 피부에 올리면 각질이 더 부각되는 느낌이었어요. (리뷰 63954941)
[negative] 엄청 퍽퍽? 해서 (리뷰 62586915)"
p009|skinType=미기재|발림감/텍스처,더샘 커버 퍼펙션 트리플 팟 컨실러,발림감/텍스처,피부타입을 안 밝힌 리뷰,conditional,혼재,"이 컨실러, 발림성 부드럽고 크리미할까?","바로 사용해도 될 만큼 부드럽고 크리미하게 발린다는 말이 많다. 다만 제형이 매트한 편이라 피부에 올리면 각질이 더 부각된다는 지적이 있고, 퍽퍽하다고 느낀 리뷰도 있다. 각질이 있는 피부라면 보습을 먼저 다진 뒤 사용하는 편이 나아 보인다.",33,18,9,60,162,222,hedged,의견이 갈린다 · 말하지 않은 사람이 많다 · 게이트가 한계를 남겼다,태거 방향 오류 가능,4,"[positive] 바로 사용해도 될 정도로 부드러웠고 (리뷰 64008843)
[positive] 크리미하게 발리면서도 (리뷰 63562000)
[negative] 제형이 좀 매트한 편이라 피부에 올리면 각질이 더 부각되는 느낌이었어요. (리뷰 63954941)
[negative] 엄청 퍽퍽? 해서 (리뷰 62586915)"
p009|product=None|발색,더샘 커버 퍼펙션 트리플 팟 컨실러,발색,조건 없음 (이 제품 리뷰 전체),unconditional,혼재,"커버력은 좋다는데, 색이 너무 밝게 뜨진 않을까?","잡티나 붉은기, 여드름 자국까지 매끈하게 가려진다는 말이 많고 컬러감이 자연스럽다는 평도 있다. 다만 1, 2번 같은 밝은 호수는 발색이 지나치게 밝다는 지적이 있고, 생각보다 너무 밝다는 불만도 나온다. 코렉트 베이지 계열은 커버 용도로 따로 쓰인다는 언급도 있어, 호수 선택이 밝기 체감을 가르는 것으로 보인다.",19,1,3,23,437,460,hedged,의견이 갈린다 · 말하지 않은 사람이 많다 · 게이트가 한계를 남겼다,소수가 잡음 범위 · 반대 1명 · 태거 방향 오류 가능,5,"[positive] 완전 싹싹 잘 가려져요 (리뷰 63883179)
[positive] 컬러감도 자연스럽고 (리뷰 34939269)
[neutral] 1,2번 색상 발색은 너무 밝아서 (리뷰 61511549)
[negative] 생각보다 너무 밝고 (리뷰 63433968)
[positive] 01 코렉트 베이지는 붉은기나 잡티 커버에 활용하기 좋았고 (리뷰 61692431)"
p009|skinTrouble=미기재|발색,더샘 커버 퍼펙션 트리플 팟 컨실러,발색,피부고민을 안 밝힌 리뷰,conditional,긍정,컨실러 발색이 자연스럽게 스며드는 편일까?,"잡티나 여드름 자국, 붉은기까지 피부색에 스며들듯 잘 가려진다는 평이 많다. 다만 1,2호처럼 밝은 색상은 발색이 지나치게 밝게 뜬다는 언급이 있어, 호수 선택에 따라 결과가 달라질 수 있다.",8,0,2,10,233,243,hedged,말하지 않은 사람이 많다 · 게이트가 한계를 남겼다,태거 방향 오류 가능,5,"[positive] 매끈 커버가 가능합니다 (리뷰 64008843)
[positive] 여드름 커버 넘 잘 돼서 (리뷰 63707671)
[positive] 붉은 기 커버나 여드름 커버로 쓰기에는 좋았습니다 (리뷰 63111510)
[neutral] 1,2번 색상 발색은 너무 밝아서 (리뷰 61511549)
[positive] 피부색에 잘 스며들게 커버됩니다 (리뷰 63897573)"
p009|skinType=A02|보습감,더샘 커버 퍼펙션 트리플 팟 컨실러,보습감,건성 피부,conditional,혼재,건성인데 이 컨실러 하나로 건조함 없이 버틸까?,"건조하지 않고 은근 촉촉하다는 후기도 있지만, 건성 피부에는 뻑뻑하고 매트하게 뜬다는 말이 더 많이 나온다. 촉촉함을 기대했는데 그렇지 못했다는 아쉬움도 반복된다. 보습 베이스를 먼저 챙기는 편이 나을 수 있다.",3,10,0,13,51,64,hedged,의견이 갈린다 · 말하지 않은 사람이 많다 · 게이트가 한계를 남겼다,태거 방향 오류 가능,4,"[positive] 은근 촉촉한거 같아요 (리뷰 34939269)
[negative] 건성에게는 너무 건조했어요ㅠㅠㅠㅠ (리뷰 63362447)
[negative] 건성인 제가 바르기에는 조금 매트하고 (리뷰 63284219)
[negative] 촉촉하진 않아서 (리뷰 63101085)"
p009|skinTrouble=C02|보습감,더샘 커버 퍼펙션 트리플 팟 컨실러,보습감,미백 고민,conditional,혼재,이거 하나로 건조하지 않게 커버가 될까?,"발랐을 때 건조하지 않고 촉촉하다는 평이 많다. 다만 건성 피부에는 오히려 매트하고 뻑뻑하게 느껴진다는 리뷰가 있고, 겁나 건조하다는 표현까지 나온다. 건조함 때문에 들뜨지는 않는다는 언급도 있어 커버력과 보습감이 별개로 평가되는 분위기다.",5,3,1,9,66,75,hedged,의견이 갈린다 · 말하지 않은 사람이 많다 · 게이트가 한계를 남겼다,태거 방향 오류 가능,6,"[positive] 건조하지않고 (리뷰 35662695)
[negative] 건성인 제가 바르기에는 조금 매트하고 (리뷰 63284219)
[negative] 좀 뻑뻑해요 (리뷰 62692796)
[negative] 겁나 건조해서 (리뷰 63016038)
[positive] 촉촉하면서 (리뷰 63546377)
[neutral] 건조함때문에 뜨는건 없는데 (리뷰 63684376)"
p009|skinType=A03|보습감,더샘 커버 퍼펙션 트리플 팟 컨실러,보습감,복합성 피부,conditional,혼재,복합성인데 이거 바르면 건조하게 뜨지 않을까?,"건조해서 뜨거나 퍼석거린다는 말이 많고, 특히 다크서클처럼 결점이 두드러지는 부위를 가리려 두껍게 바르면 더 건조해진다는 언급이 있다. 반대로 촉촉했다거나 건조하지 않았다는 말도 있어 소수지만 존재한다. 다만 인용에서 이 갈림을 복합성이라는 조건과 직접 연결 짓는 내용은 보이지 않는다.",5,7,0,12,94,106,hedged,의견이 갈린다 · 말하지 않은 사람이 많다 · 게이트가 한계를 남겼다,태거 방향 오류 가능,5,"[negative] 건성 피부에는 약간 건조하게 느껴질 수 있는 컨실러였음. (리뷰 62234276)
[negative] 다크서클을 가리기엔 너무 건조하고 (리뷰 62735057)
[negative] 매트함을 넘어선 퍼석거리는 건조함이 있지만 (리뷰 63810117)
[positive] 그냥 촉촉했음 (리뷰 62810211)
[positive] 건조하지 않음 (리뷰 63141096)"
p009|skinTrouble=C01|보습감,더샘 커버 퍼펙션 트리플 팟 컨실러,보습감,잡티 고민,conditional,혼재,이거 하나로 건조하지 않게 커버될까?,"촉촉하다는 반응도 있지만, 건성 피부에는 약간 건조하고 매트하게 느껴진다는 말이 더 두드러진다. 뻑뻑하다거나 좀 건조하다는 언급이 여러 건 겹치는 걸 보면, 수분감보다는 매트한 쪽에 가까운 제품으로 보인다. 다만 건조함 때문에 들뜨지는 않는다는 언급도 있어, 커버력 자체는 유지되는 편이다.",5,8,1,14,88,102,hedged,의견이 갈린다 · 말하지 않은 사람이 많다 · 게이트가 한계를 남겼다,태거 방향 오류 가능,6,"[positive] 은근 촉촉한거 같아요 (리뷰 34939269)
[negative] 건성 피부에는 약간 건조하게 느껴질 수 있는 컨실러였음. (리뷰 62234276)
[negative] 좀 건조하긴 한데 (리뷰 62255135)
[negative] 건성인 제가 바르기에는 조금 매트하고 (리뷰 63284219)
[negative] 좀 뻑뻑해요 (리뷰 62692796)
[neutral] 건조함때문에 뜨는건 없는데 (리뷰 63684376)"
p009|product=None|보습감,더샘 커버 퍼펙션 트리플 팟 컨실러,보습감,조건 없음 (이 제품 리뷰 전체),unconditional,혼재,이거 하나로 촉촉함이 유지될까?,"바르고 나서 촉촉해졌다는 말이 많고, '은근 촉촉하다'처럼 기대 이상이었다는 반응도 있다. 다만 오히려 피부가 더 푸석해 보였다거나 촉촉함이 아쉬웠다는 말도 적지 않게 나와, 만족과 불만이 뚜렷하게 갈린다. 다만 어떤 조건에서 갈리는지는 인용에 드러나지 않는다.",32,24,4,60,400,460,hedged,의견이 갈린다 · 말하지 않은 사람이 많다 · 게이트가 한계를 남겼다,태거 방향 오류 가능,4,"[positive] 촉촉해졌어요 (리뷰 36827698)
[positive] 은근 촉촉한거 같아요 (리뷰 34939269)
[negative] 피부가 더 푸석해 보이는 것 같아서 (리뷰 63954941)
[negative] 촉촉했으면 더 좋았겠네요 (리뷰 46926971)"
p009|skinTrouble=C05|보습감,더샘 커버 퍼펙션 트리플 팟 컨실러,보습감,트러블 고민,conditional,혼재,트러블 피부인데 이거 바르면 건조하지 않을까?,"촉촉하다는 평도 있지만, 건조하고 뜨는 느낌이라는 말이 두드러진다. 가볍게 건조하다는 정도부터 완전히 건조하다는 표현까지 강도는 다양하지만, 방향은 건조 쪽으로 기운다.",5,6,0,11,68,79,hedged,의견이 갈린다 · 말하지 않은 사람이 많다 · 게이트가 한계를 남겼다,태거 방향 오류 가능,3,"[positive] 촉촉하다 (리뷰 38182822)
[negative] 진짜 너무너무 건조해요ㅜㅠㅜ (리뷰 62730944)
[negative] 뭔가 좀 잘 뜨는 느낌이라 (리뷰 62168968)"
p009|skinTrouble=미기재|보습감,더샘 커버 퍼펙션 트리플 팟 컨실러,보습감,피부고민을 안 밝힌 리뷰,conditional,혼재,건조한 편인데 이거 하나로 촉촉함이 유지될까?,"제형 자체가 촉촉하고 발림성이 좋다는 평이 많다. 다만 건성 피부에는 오히려 건조하게 느껴지고 피부가 푸석해 보인다는 지적이 이어지며, 수분감이 딱 적당하다고 중립적으로 보는 경우도 있다. 건성이라면 베이스를 충분히 촉촉하게 잡고 사용하는 편이 나아 보인다.",19,6,3,28,215,243,hedged,의견이 갈린다 · 말하지 않은 사람이 많다 · 게이트가 한계를 남겼다,태거 방향 오류 가능,5,"[positive] 촉촉한 편 (리뷰 63233705)
[negative] 피부가 더 푸석해 보이는 것 같아서 (리뷰 63954941)
[negative] 건성에게는 너무 건조했어요ㅠㅠㅠㅠ (리뷰 63362447)
[negative] 약간 건조한느낌이나서 (리뷰 62889824)
[neutral] 수분감은 딱 적당해서 (리뷰 63552427)"
p009|skinType=미기재|보습감,더샘 커버 퍼펙션 트리플 팟 컨실러,보습감,피부타입을 안 밝힌 리뷰,conditional,혼재,"이거 하나로 촉촉하게 커버될까, 건조해 보이지 않을까?","제형 자체가 촉촉해서 발랐을 때 당김 없이 자연스럽다는 말이 많다. 다만 일부는 오히려 발색 후 피부가 더 푸석해 보이거나 약간 건조한 느낌이 든다고 말한다. 수분감이 딱 적당하고 건조하다는 느낌은 없었다는 중립적인 평도 함께 나와, 피부 표현 정도에 따라 체감이 갈리는 것으로 보인다.",17,5,3,25,197,222,hedged,의견이 갈린다 · 말하지 않은 사람이 많다 · 게이트가 한계를 남겼다,태거 방향 오류 가능,4,"[positive] 촉촉한 편 (리뷰 63233705)
[negative] 피부가 더 푸석해 보이는 것 같아서 (리뷰 63954941)
[negative] 약간 건조한느낌이나서 (리뷰 62889824)
[neutral] 수분감은 딱 적당해서 (리뷰 63552427)"
p009|product=None|유분/번들거림,더샘 커버 퍼펙션 트리플 팟 컨실러,유분/번들거림,조건 없음 (이 제품 리뷰 전체),unconditional,혼재,"이거 매트한 편일까, 유분기 뜨는 편일까?","번들거리지 않고 뽀송하게 매트한 편이라는 말이 많다. 다만 그 매트함이 오히려 과하다고 느끼는 쪽도 있는데, 너무 매트해서 부자연스럽다거나 매트한 마감이 들뜸으로 이어진다는 언급이 나온다. 유분기가 있어 보인다는 반대 방향의 지적도 소수 있어, 매트함의 정도에 대한 체감이 사람마다 갈리는 편이다.",8,3,0,11,449,460,hedged,의견이 갈린다 · 말하지 않은 사람이 많다 · 게이트가 한계를 남겼다,태거 방향 오류 가능,5,"[positive] without feeling greasy (리뷰 63707468)
[positive] 생각보다 매트하게 발리긴하는데 (리뷰 63447720)
[negative] 너무 매트해서 (리뷰 63589255)
[negative] 매트해서 들뜸이 있어요 (리뷰 63362876)
[negative] 유분기 있어 보일 수 있어서 (리뷰 62047744)"
p009|skinTrouble=미기재|유분/번들거림,더샘 커버 퍼펙션 트리플 팟 컨실러,유분/번들거림,피부고민을 안 밝힌 리뷰,conditional,혼재,"이거 바르면 매트하게 잡힐까, 유분기가 남을까?","수분기 있는 피부여도 매트하게 발린다는 말이 많고, 화장 전 뽀송한 느낌이 좋다는 언급도 있다. 다만 유분기 있어 보일 수 있다는 반응과 정반대로 너무 매트해서 부담스럽다는 반응이 함께 나와, 매트함의 정도를 두고 호불호가 갈리는 편이다.",7,2,0,9,234,243,hedged,의견이 갈린다 · 말하지 않은 사람이 많다 · 게이트가 한계를 남겼다,태거 방향 오류 가능,5,"[negative] 유분기 있어 보일 수 있어서 (리뷰 62047744)
[positive] without feeling greasy (리뷰 63707468)
[negative] 너무 매트해서 (리뷰 63589255)
[positive] 수부지가 발라도 매트합니다 (리뷰 63192386)
[positive] 화장전 더 뽀송하게 느껴지는 매트 느낌이 좋네요 (리뷰 63607440)"
p009|skinType=미기재|유분/번들거림,더샘 커버 퍼펙션 트리플 팟 컨실러,유분/번들거림,피부타입을 안 밝힌 리뷰,conditional,혼재,"이 컨실러 매트하게 발리나, 유분기 뜨진 않을까?","수부지도 발라도 매트하다거나 화장 전 뽀송해진다는 등 매트한 마무리를 만족스럽게 언급하는 리뷰가 많다. 다만 유분기 있어 보일 수 있다는 지적과 반대로 너무 매트해서 아쉽다는 지적이 각각 소수 나와, 피부 상태에 따라 체감이 갈릴 여지는 있다.",7,2,0,9,213,222,hedged,의견이 갈린다 · 말하지 않은 사람이 많다 · 게이트가 한계를 남겼다,태거 방향 오류 가능,4,"[positive] 수부지가 발라도 매트합니다 (리뷰 63192386)
[positive] 화장전 더 뽀송하게 느껴지는 매트 느낌이 좋네요 (리뷰 63607440)
[negative] 유분기 있어 보일 수 있어서 (리뷰 62047744)
[negative] 너무 매트해서 (리뷰 63589255)"
p009|skinType=A02|지속성,더샘 커버 퍼펙션 트리플 팟 컨실러,지속성,건성 피부,conditional,혼재,건성인데 하루 종일 발라도 뜨거나 지워지지 않을까?,"시간이 지나도 처음과 크게 다르지 않게 유지된다는 말이 많고, 브러시로 바르면 더 오래 간다는 팁도 함께 나온다. 다만 시간이 지나면 발랐을 때와 큰 차이를 못 느끼겠다는 반응도 있어, 기대만큼의 지속력은 아니라는 의견도 소수 존재한다.",8,1,0,9,55,64,hedged,의견이 갈린다 · 말하지 않은 사람이 많다 · 게이트가 한계를 남겼다,소수가 잡음 범위 · 반대 1명 · 태거 방향 오류 가능,3,"[positive] 고정력,지속력이 더 좋아지더라구요 (리뷰 57030679)
[negative] 시간 지나면 딱히 전이랑 큰 차이 못느끼겠어서 (리뷰 63142098)
[positive] 화홍 브러쉬랑 쓰면 하룰라라 (리뷰 63296436)"
p009|skinTrouble=C02|지속성,더샘 커버 퍼펙션 트리플 팟 컨실러,지속성,미백 고민,conditional,혼재,하루 종일 무너지지 않고 버텨줄까?,장시간이 지나도 뜸이나 끼임 없이 발색과 커버가 유지된다는 말이 많다. 다만 시간이 지나면 무너지면서 화장이 떡지듯 밀린다는 리뷰도 나온다. 어떤 조건에서 갈리는지는 인용에 구체적으로 드러나지 않는다.,11,2,0,13,62,75,hedged,의견이 갈린다 · 말하지 않은 사람이 많다 · 게이트가 한계를 남겼다,소수가 잡음 범위 · 태거 방향 오류 가능,4,"[positive] 장시간 메이크업이 유지됩니다 (리뷰 58697312)
[positive] 뜸이나 끼임 없이 하루 종일 유지됩니다 (리뷰 62671770)
[negative] 시간 지나서 무너짐이 밉길래 (리뷰 51996593)
[negative] 덕지덕지 다 날라가서 화장이 떡 됨 (리뷰 37389299)"
p009|skinType=A03|지속성,더샘 커버 퍼펙션 트리플 팟 컨실러,지속성,복합성 피부,conditional,혼재,복합성인데 이거 하루 종일 무너지지 않고 버틸까?,"끼임이나 뜸 없이 화장이 하루 종일 유지되고 발색도 오래 간다는 평이 많다. 다만 시간이 지나면서 무너지거나 다크서클이 비치기 시작한다는 언급, 생각보다 빨리 지워진다는 언급이 함께 있다. 다른 컨실러와 지속력 차이를 느끼지 못했다는 의견도 있다.",10,4,1,15,91,106,hedged,의견이 갈린다 · 말하지 않은 사람이 많다 · 게이트가 한계를 남겼다,태거 방향 오류 가능,5,"[positive] 장시간 메이크업이 유지됩니다 (리뷰 58697312)
[positive] 뜸이나 끼임 없이 하루 종일 유지됩니다 (리뷰 62671770)
[negative] 시간 지나서 무너짐이 밉길래 (리뷰 51996593)
[negative] 화장후 5시간이 지나니깐 다크써클이 잘보이기 시작하긴 했어요 (리뷰 63421225)
[negative] 생각보다 빨리 지워져요ㅠㅠ (리뷰 63221314)"
p009|skinTrouble=C01|지속성,더샘 커버 퍼펙션 트리플 팟 컨실러,지속성,잡티 고민,conditional,혼재,잡티 가리려고 바르는데 시간 지나도 안 무너질까?,"장시간 발색과 고정력이 유지된다는 후기가 많고, 다른 컨실러와 비교해도 지속력이 나쁘지 않다는 말이 나온다. 다만 시간이 지나면서 무너지거나 덕지덕지 뭉쳐서 화장이 떠 보인다는 지적도 있어, 잡티 부위에 두껍게 쌓이면 들뜰 수 있는 것으로 보인다.",8,2,1,11,91,102,hedged,의견이 갈린다 · 말하지 않은 사람이 많다 · 게이트가 한계를 남겼다,태거 방향 오류 가능,4,"[positive] 장시간 메이크업이 유지됩니다 (리뷰 58697312)
[positive] 고정력,지속력이 더 좋아지더라구요 (리뷰 57030679)
[negative] 시간 지나서 무너짐이 밉길래 (리뷰 51996593)
[negative] 덕지덕지 다 날라가서 화장이 떡 됨 (리뷰 37389299)"
p009|product=None|지속성,더샘 커버 퍼펙션 트리플 팟 컨실러,지속성,조건 없음 (이 제품 리뷰 전체),unconditional,혼재,이 컨실러 지속력 믿을 만할까?,"장시간 메이크업이 유지되고 고정력이 좋다는 말이 많다. 다만 시간이 지나면 무너진다는 리뷰가 있고, 다른 컨실러와 지속력 차이를 못 느꼈다는 의견도 함께 나온다.",57,9,2,68,392,460,hedged,의견이 갈린다 · 말하지 않은 사람이 많다 · 게이트가 한계를 남겼다,태거 방향 오류 가능,3,"[positive] 장시간 메이크업이 유지됩니다 (리뷰 58697312)
[negative] 시간 지나서 무너짐이 밉길래 (리뷰 51996593)
[neutral] 지속력은 다른 컨실러랑 별 차이 모르겠긴함 (리뷰 63974708)"
p009|skinTrouble=C05|지속성,더샘 커버 퍼펙션 트리플 팟 컨실러,지속성,트러블 고민,conditional,혼재,트러블 피부인데 지속력이 오래갈까?,"지속력이 다른 제품보다 오래간다는 평이 많고, 유지력에 만족한다는 말도 함께 나온다. 다만 다른 컨실러와 큰 차이를 못 느꼈다는 의견과 지속력이 낮다는 의견도 소수 있어, 무엇이 이 차이를 가르는지는 리뷰만으로는 분명치 않다.",10,1,1,12,67,79,hedged,의견이 갈린다 · 말하지 않은 사람이 많다 · 게이트가 한계를 남겼다,소수가 잡음 범위 · 반대 1명 · 태거 방향 오류 가능,4,"[positive] 지속력이 훨씬 오래가고 (리뷰 38308642)
[positive] 지속력이 훨씬 더 높은 것 같아서 만족입니다 (리뷰 34480122)
[neutral] 지속력은 다른 컨실러랑 별 차이 모르겠긴함 (리뷰 63974708)
[negative] 지속력이 좀 낮은 것 같아용 (리뷰 63071365)"
p009|skinTrouble=미기재|지속성,더샘 커버 퍼펙션 트리플 팟 컨실러,지속성,피부고민을 안 밝힌 리뷰,conditional,혼재,"이 컨실러, 하루 종일 무너지지 않고 버틸까?","시간이 지나도 크게 들뜨거나 무너지지 않고 하루 종일 깔끔한 표현이 유지된다는 말이 많다. 다만 지속력이 그닥 좋은 편은 아니라는 의견도 있고, 발림성·지속력·커버력이 특별히 뛰어나기보다 보통 이상으로 무난하다는 평가도 함께 나온다.",33,6,1,40,203,243,hedged,의견이 갈린다 · 말하지 않은 사람이 많다 · 게이트가 한계를 남겼다,태거 방향 오류 가능,4,"[positive] 하루 종일 깔끔한 피부 표현을 유지해 줍니다 (리뷰 63562000)
[positive] 시간이 지나도 크게 들뜨거나 무너짐이 심하지 않아 (리뷰 63765372)
[negative] 그닥 지속력이 좋은 편도 아니에요 (리뷰 62675134)
[neutral] 발림성이나 지속력, 커버력 모두 보통 이상으로 무난하고 (리뷰 63667725)"
p009|skinType=미기재|지속성,더샘 커버 퍼펙션 트리플 팟 컨실러,지속성,피부타입을 안 밝힌 리뷰,conditional,혼재,이 컨실러 지속력 하루 종일 버텨줄까?,"시간이 지나도 크게 들뜨거나 무너지지 않고 하루 종일 깔끔한 피부 표현이 유지된다는 말이 많다. 다만 지속력이 그닥 좋은 편은 아니라는 리뷰도 있고, 발림성이나 커버력과 함께 지속력도 딱 보통 이상 수준이라 무난한 정도라는 평가도 나온다.",31,3,1,35,187,222,hedged,의견이 갈린다 · 말하지 않은 사람이 많다 · 게이트가 한계를 남겼다,소수가 잡음 범위 · 태거 방향 오류 가능,5,"[positive] 지속력이 진짜 좋아요 (리뷰 64008843)
[positive] 하루 종일 깔끔한 피부 표현을 유지해 줍니다 (리뷰 63562000)
[positive] 시간이 지나도 크게 들뜨거나 무너짐이 심하지 않아 (리뷰 63765372)
[negative] 그닥 지속력이 좋은 편도 아니에요 (리뷰 62675134)
[neutral] 발림성이나 지속력, 커버력 모두 보통 이상으로 무난하고 (리뷰 63667725)"
p009|skinType=A02|커버력,더샘 커버 퍼펙션 트리플 팟 컨실러,커버력,건성 피부,conditional,혼재,건성인데 이거 하나로 잡티가 잘 가려질까?,"눈썹 산 정리나 작은 점, 다크써클 같은 부분 커버에는 두껍지 않게 잘 가려진다는 평가가 많다. 다만 다크써클이 한 번에 완전히 커버되는 건 아니라는 언급도 있어, 진한 색소침착에는 기대치를 낮추는 게 낫다는 정도로 읽힌다.",33,1,0,34,30,64,hedged,의견이 갈린다 · 게이트가 한계를 남겼다,소수가 잡음 범위 · 반대 1명 · 태거 방향 오류 가능,3,"[positive] 눈썹 산 정리나 다크써클 같은 커버에는 괜찮았어요 (리뷰 55931554)
[positive] 두껍지 않게 커버할 수 있었습니다 (리뷰 63945538)
[negative] 다크써클이 한번에 커버가 되는 건 또 아니라서 (리뷰 63362447)"
p009|skinTrouble=C02|커버력,더샘 커버 퍼펙션 트리플 팟 컨실러,커버력,미백 고민,conditional,긍정,잡티나 기미 커버가 잘 되는 편일까?,"소량으로도 잡티가 촘촘하게 가려진다는 평이 많고, 명성대로 커버력이 좋다는 말도 꾸준히 나온다. 다만 커버가 잘되는 만큼 발림이 꾸덕해진다는 언급이 함께 있어, 커버력과 가벼운 사용감을 동시에 기대하면 다소 무거울 수 있다.",38,0,1,39,36,75,hedged,게이트가 한계를 남겼다,태거 방향 오류 가능,3,"[positive] 촘촘한 커버력을 제공합니다 (리뷰 58697312)
[positive] 소량만 사용해도 커버력이 꽤 괜찮은 편이라 (리뷰 61692431)
[positive] 커버가 잘되는만큼 조금 더 꾸덕한편 (리뷰 52144360)"
p009|skinType=A03|커버력,더샘 커버 퍼펙션 트리플 팟 컨실러,커버력,복합성 피부,conditional,혼재,복합성인데 이 컨실러로 커버가 잘 될까?,"적은 양으로도 커버력이 좋다는 말이 많고, 그 정도가 딱 적당해서 마음에 든다는 언급도 이어진다. 다만 흉터처럼 진한 자국은 완전히 가려지진 않는다는 리뷰가 있어 깊은 흔적까지 기대하긴 어렵다. 커버력이 별로였다는 의견도 하나 있지만 극히 소수다.",56,1,2,59,47,106,hedged,의견이 갈린다 · 게이트가 한계를 남겼다,소수가 잡음 범위 · 반대 1명 · 태거 방향 오류 가능,4,"[positive] 촘촘한 커버력을 제공합니다 (리뷰 58697312)
[positive] 소량만 사용해도 커버력이 꽤 괜찮은 편이라 (리뷰 61692431)
[neutral] 흉터 같은 건 완전히 가려지진 않지만 (리뷰 63331979)
[negative] 커버력도 최악임 (리뷰 61524228)"
p009|product=None|커버력,더샘 커버 퍼펙션 트리플 팟 컨실러,커버력,조건 없음 (이 제품 리뷰 전체),unconditional,혼재,기미나 흉터도 이거 하나로 가려질까?,"기미 같은 진한 잡티는 덧발라 콕콕 찍으면 촘촘히 가려진다는 평이 많다. 다만 기대만큼은 아니었다는 말도 있고, 흉터는 완전히 커버되지는 않는다는 언급이 나온다. 잡티 종류나 깊이에 따라 체감이 갈리는 것으로 보인다.",234,10,10,254,206,460,hedged,의견이 갈린다 · 게이트가 한계를 남겼다,소수가 잡음 범위 · 태거 방향 오류 가능,4,"[positive] 기미 진한 데는 진한 거 콕콕 찍고 (리뷰 61352499)
[positive] 촘촘한 커버력을 제공합니다 (리뷰 58697312)
[negative] 기대했던 것만큼 커버력이 좋지는 않아서 (리뷰 63954941)
[neutral] 흉터 같은 건 완전히 가려지진 않지만 (리뷰 63331979)"
p009|skinType=A01|커버력,더샘 커버 퍼펙션 트리플 팟 컨실러,커버력,지성 피부,conditional,혼재,지성인데 다크서클이나 잡티가 잘 가려질까?,"잡티나 붉은 자국, 다크서클까지 자연스럽게 잘 가려진다는 평이 많다. 다만 다크서클은 커버가 안 된다는 리뷰도 있어, 부위에 따라 만족도가 갈리는 편이다.",15,2,1,18,15,33,hedged,의견이 갈린다 · 게이트가 한계를 남겼다,소수가 잡음 범위 · 태거 방향 오류 가능,2,"[positive] 다크서클·작은 잡티·붉은 자국을 효과적으로 커버합니다 (리뷰 62510335)
[negative] 다크서클 커버가 안도ㅑ요 (리뷰 63592586)"
p009|skinTrouble=미기재|커버력,더샘 커버 퍼펙션 트리플 팟 컨실러,커버력,피부고민을 안 밝힌 리뷰,conditional,혼재,잡티나 다크서클 커버가 이거 하나로 될까?,"잡티와 다크서클이 한 번에 가려진다는 평이 많고, 톤 보정까지 된다는 언급도 나온다. 다만 기대했던 것만큼 커버력이 좋지는 않았다는 리뷰도 있고, 완벽히 가려지기보다 중간 정도라는 평도 있다. 부위나 사용량에 따라 체감이 달라질 수 있어 보인다.",129,7,6,142,101,243,hedged,의견이 갈린다 · 게이트가 한계를 남겼다,소수가 잡음 범위 · 태거 방향 오류 가능,4,"[positive] 확실히 가려 주고 (리뷰 61495326)
[positive] 잡티 커버부터 톤 보정 (리뷰 63562000)
[negative] 기대했던 것만큼 커버력이 좋지는 않아서 (리뷰 63954941)
[neutral] 커버력은 완벽히 가려지진 않고 중간정도같아요 (리뷰 61750963)"
p009|skinType=미기재|커버력,더샘 커버 퍼펙션 트리플 팟 컨실러,커버력,피부타입을 안 밝힌 리뷰,conditional,혼재,"잡티나 다크서클, 이거 하나로 확실히 가려질까?","잡티와 다크서클을 한 번에 커버해 톤 보정까지 된다는 말이 많다. 다만 기대했던 정도의 커버력은 아니라는 리뷰도 있고, 완벽히 가려지기보다 중간 정도 커버라는 언급도 나온다. 필요한 부분에 덧발라 쓴다는 언급이 함께 보인다.",117,6,4,127,95,222,hedged,의견이 갈린다 · 게이트가 한계를 남겼다,소수가 잡음 범위 · 태거 방향 오류 가능,4,"[positive] 확실히 가려 주고 (리뷰 61495326)
[positive] 잡티나 다크 서클이 충분히 가려짐 (리뷰 63233705)
[negative] 기대했던 것만큼 커버력이 좋지는 않아서 (리뷰 63954941)
[neutral] 커버력은 완벽히 가려지진 않고 중간정도같아요 (리뷰 61750963)"
p033|product=None|가성비,셀라딕스 트러블 세범 리밸런싱 앰플,가성비,조건 없음 (이 제품 리뷰 전체),unconditional,혼재,이 가격이면 그냥 비싼 거 아닐까?,"가격이 세다는 말이 여러 번 나오고, 용량 대비 비싸다거나 할인 없이는 부담스럽다는 언급이 이어진다. 반면 가격대비 만족한다거나 저렴하다고 느낀 사람도 있어, 같은 가격을 두고 체감이 엇갈린다.",5,11,1,17,341,358,hedged,의견이 갈린다 · 말하지 않은 사람이 많다 · 게이트가 한계를 남겼다,태거 방향 오류 가능,4,"[negative] 할인 안하면 비쌈 (리뷰 53617855)
[negative] 사악한 가격 (리뷰 36095795)
[positive] 너무너무 가격대비 만족합니다 (리뷰 63242224)
[positive] 가격도 저렴하고 좋습니다 (리뷰 63362140)"
p033|skinTrouble=미기재|가성비,셀라딕스 트러블 세범 리밸런싱 앰플,가성비,피부고민을 안 밝힌 리뷰,conditional,혼재,가격 대비 만족스러운 제품일까?,"저렴하고 만족스럽다는 평이 있지만, 정작 가격 자체가 부담스럽다는 언급이 더 자주 나온다. 가격만 낮춰주면 좋겠다거나 가성비 좋은 다른 토너로 갈아타겠다는 말까지 나오는 걸 보면, 효과는 인정해도 가격에서 걸리는 사람이 적지 않다. 다만 비싼 대신 용량이 넉넉하다는 점을 좋게 보는 시각도 함께 있다.",3,5,0,8,249,257,hedged,의견이 갈린다 · 말하지 않은 사람이 많다 · 게이트가 한계를 남겼다,태거 방향 오류 가능,5,"[positive] 너무너무 가격대비 만족합니다 (리뷰 63242224)
[negative] 가격 좀만 낮춰주세요 (리뷰 57194660)
[negative] 너무 비싸요 (리뷰 63669849)
[negative] 가성비인 토너로 갈아타려고요 (리뷰 63580099)
[positive] 비싼데 용량개쩍어요 (리뷰 63585884)"
p033|product=None|밀착력,셀라딕스 트러블 세범 리밸런싱 앰플,밀착력,조건 없음 (이 제품 리뷰 전체),unconditional,긍정,화장 전에 발라도 밀리지 않고 잘 스며들까?,"다른 스킨케어 제품과 같이 쓰거나 화장 전에 발라도 밀리지 않고 잘 스며든다는 말이 이어진다. 덧발라도 밀림이 심하지 않다는 언급도 있어, 메이크업 앞 단계로 쓰기에 부담이 적다는 평이 많다.",8,0,0,8,350,358,hedged,말하지 않은 사람이 많다 · 게이트가 한계를 남겼다,태거 방향 오류 가능,3,"[positive] 다른 스킨케어 제품들과 함께 사용해도 밀림이 없어서 (리뷰 62874782)
[positive] 화장 전에 발라도 밀림 현상 전혀 없이 잘 먹어서 (리뷰 63794150)
[positive] 여러 번 덧발라도 밀림이 심하지 않음 (리뷰 63204956)"
p033|skinTrouble=미기재|밀착력,셀라딕스 트러블 세범 리밸런싱 앰플,밀착력,피부고민을 안 밝힌 리뷰,conditional,긍정,메이크업 전에 발라도 밀리지 않을까?,"메이크업 전에 바르거나 다른 스킨케어와 함께 사용해도 밀림 없이 잘 흡수된다는 리뷰가 이어진다. 여러 번 덧발라도 밀리지 않는다는 언급도 있어, 화장 전 단계에서 사용하기에 무난하다는 평이 우세하다.",8,0,0,8,249,257,hedged,말하지 않은 사람이 많다 · 게이트가 한계를 남겼다,태거 방향 오류 가능,3,"[positive] 다른 스킨케어 제품들과 함께 사용해도 밀림이 없어서 (리뷰 62874782)
[positive] 화장 전에 발라도 밀림 현상 전혀 없이 잘 먹어서 (리뷰 63794150)
[positive] 여러 번 덧발라도 밀림이 심하지 않음 (리뷰 63204956)"
p033|skinType=미기재|밀착력,셀라딕스 트러블 세범 리밸런싱 앰플,밀착력,피부타입을 안 밝힌 리뷰,conditional,긍정,메이크업 전에 발라도 밀리지 않을까?,"메이크업 전이나 다른 스킨케어 제품과 함께 사용해도 밀림 없이 잘 흡수된다는 말이 꾸준히 나온다. 여러 번 덧발라도 밀림이 심하지 않다는 언급도 있어, 화장 전 밀착력에 대해서는 부정적인 반응이 보이지 않는다.",8,0,0,8,244,252,hedged,말하지 않은 사람이 많다 · 게이트가 한계를 남겼다,태거 방향 오류 가능,3,"[positive] 다른 스킨케어 제품들과 함께 사용해도 밀림이 없어서 (리뷰 62874782)
[positive] 화장 전에 발라도 밀림 현상 전혀 없이 잘 먹어서 (리뷰 63794150)
[positive] 여러 번 덧발라도 밀림이 심하지 않음 (리뷰 63204956)"
p033|product=None|발림감/텍스처,셀라딕스 트러블 세범 리밸런싱 앰플,발림감/텍스처,조건 없음 (이 제품 리뷰 전체),unconditional,혼재,가벼운 워터 타입이라던데 묽어서 흐르지 않을까?,"물처럼 흐르는 가벼운 워터 타입이라 끈적임 없이 산뜻하게 발리고, 필요한 부위에 덧바르기도 좋다는 평이 많다. 다만 같은 가벼운 제형을 두고 지나치게 묽다고 느끼는 리뷰도 있다.",58,4,3,65,293,358,hedged,의견이 갈린다 · 말하지 않은 사람이 많다 · 게이트가 한계를 남겼다,소수가 잡음 범위 · 태거 방향 오류 가능,3,"[positive] 물처럼 주르륵 흐르는 가벼운 워터 타입이라 (리뷰 62258290)
[positive] 제형은 굉장히 가볍고 산뜻해요 (리뷰 44247776)
[negative] 근데 제형이 엄청 묽어요 (리뷰 63339842)"
p033|skinTrouble=미기재|발림감/텍스처,셀라딕스 트러블 세범 리밸런싱 앰플,발림감/텍스처,피부고민을 안 밝힌 리뷰,conditional,혼재,제형이 너무 묽지는 않을까?,"물처럼 흐르는 가벼운 제형이라 끈적임 없이 흡수되고, 필요한 부위에 덧바르기도 좋다는 말이 많다. 다만 워터 타입 특성상 너무 묽다는 느낌을 받았다는 리뷰도 소수 있다.",48,3,2,53,204,257,hedged,의견이 갈린다 · 말하지 않은 사람이 많다 · 게이트가 한계를 남겼다,소수가 잡음 범위 · 태거 방향 오류 가능,4,"[positive] 물처럼 주르륵 흐르는 가벼운 워터 타입이라 (리뷰 62258290)
[positive] 제형이 끈적이지 않고 피부에 싹 흡수되는 느낌이 너무 좋습니다 (리뷰 63794150)
[negative] 너무 워터형태라 (리뷰 51293170)
[neutral] 많이 묽은 느낌인데 (리뷰 62380142)"
p033|skinType=미기재|발림감/텍스처,셀라딕스 트러블 세범 리밸런싱 앰플,발림감/텍스처,피부타입을 안 밝힌 리뷰,conditional,혼재,"제형이 가볍다는데, 너무 묽어서 흡수 안 되고 흐르진 않을까?","물처럼 가볍게 흐르면서 끈적임 없이 흡수된다는 평이 많고, 덧바르기 좋다는 말도 함께 나온다. 다만 워터 타입이라 너무 묽다는 지적이 소수 있고, 흡수보다 흐르는 느낌이 강하다는 언급도 있다.",48,3,2,53,199,252,hedged,의견이 갈린다 · 말하지 않은 사람이 많다 · 게이트가 한계를 남겼다,소수가 잡음 범위 · 태거 방향 오류 가능,4,"[positive] 물처럼 주르륵 흐르는 가벼운 워터 타입이라 (리뷰 62258290)
[positive] 제형이 끈적이지 않고 피부에 싹 흡수되는 느낌이 너무 좋습니다 (리뷰 63794150)
[negative] 너무 워터형태라 (리뷰 51293170)
[neutral] 많이 묽은 느낌인데 (리뷰 62380142)"
p033|product=None|보습감,셀라딕스 트러블 세범 리밸런싱 앰플,보습감,조건 없음 (이 제품 리뷰 전체),unconditional,혼재,이거 하나만 발라도 보습이 될까?,가볍지만 촉촉하고 타이트하게 수분감이 느껴진다는 말이 많다. 다만 단독으로 바르기엔 수분감이 부족하다는 리뷰와 볼쪽 건조함·당김이 심해졌다는 리뷰가 함께 나온다. 보습에 특화된 제품이라기보다 트러블 케어에 무게가 있어 다른 보습 제품과 같이 쓰는 게 낫다는 뉘앙스다.,50,7,2,59,299,358,hedged,의견이 갈린다 · 말하지 않은 사람이 많다 · 게이트가 한계를 남겼다,태거 방향 오류 가능,4,"[positive] 피부가 촉촉해지고 (리뷰 44251196)
[positive] 타이트하게 수분감이 느껴져요 (리뷰 33259372)
[negative] 단독으로 바르기에는 수분감이나 보습력이 많이 부족해요 (리뷰 62258290)
[negative] 볼쪽의 건조함, 땡낌이 좀 심해진것 같아요... (리뷰 38557340)"
p033|skinTrouble=미기재|보습감,셀라딕스 트러블 세범 리밸런싱 앰플,보습감,피부고민을 안 밝힌 리뷰,conditional,혼재,이거 하나만 발라도 촉촉함이 유지될까?,"가볍게 스며들면서도 건조한 부위가 촉촉하게 관리된다는 평이 많다. 다만 단독으로 바르기엔 수분감이 부족하다는 지적이 있고, 볼쪽 건조함이나 땡김이 오히려 심해졌다는 리뷰도 있다. 건성 피부라면 이것만으로는 건조할 수 있다는 언급이 함께 나온다.",38,4,2,44,213,257,hedged,의견이 갈린다 · 말하지 않은 사람이 많다 · 게이트가 한계를 남겼다,태거 방향 오류 가능,5,"[negative] 단독으로 바르기에는 수분감이나 보습력이 많이 부족해요 (리뷰 62258290)
[positive] 가볍지만 촉촉한 느낌이고 (리뷰 44247776)
[negative] 볼쪽의 건조함, 땡낌이 좀 심해진것 같아요... (리뷰 38557340)
[negative] 건성이 쓰시기에는 건조할 것 같아요 (리뷰 32157093)
[positive] 건조한 부분은 촉촉하게 관리되는 느낌 (리뷰 63165529)"
p033|skinType=미기재|보습감,셀라딕스 트러블 세범 리밸런싱 앰플,보습감,피부타입을 안 밝힌 리뷰,conditional,혼재,이 앰플 하나로 보습이 충분할까?,"가볍게 발리면서도 건조한 부분이 촉촉해진다는 평이 많다. 다만 단독으로 쓰기엔 수분감이 부족하다는 리뷰가 있고, 건성이라면 볼쪽 땅김이나 건조함이 심해질 수 있다는 언급도 나온다. 다른 보습 제품과 함께 쓰는 걸 전제로 생각하는 게 안전해 보인다.",38,4,2,44,208,252,hedged,의견이 갈린다 · 말하지 않은 사람이 많다 · 게이트가 한계를 남겼다,태거 방향 오류 가능,4,"[positive] 가볍지만 촉촉한 느낌이고 (리뷰 44247776)
[positive] 건조한 부분은 촉촉하게 관리되는 느낌 (리뷰 63165529)
[negative] 단독으로 바르기에는 수분감이나 보습력이 많이 부족해요 (리뷰 62258290)
[negative] 건성이 쓰시기에는 건조할 것 같아요 (리뷰 32157093)"
p033|skinType=A03|유분/번들거림,셀라딕스 트러블 세범 리밸런싱 앰플,유분/번들거림,복합성 피부,conditional,혼재,복합성인데 이거 하나로 번들거림이 잡힐까?,"번들거림 없이 산뜻하게 마무리되고 단단한 피지가 줄었다는 말이 많다. 다만 발라도 기름이 오히려 더 뜨는 느낌이라거나, 피지·모공에 변화가 없었다는 리뷰도 함께 나온다. 어떤 조건에서 갈리는지는 인용에서 뚜렷이 드러나지 않는다.",7,3,0,10,34,44,hedged,의견이 갈린다 · 말하지 않은 사람이 많다 · 게이트가 한계를 남겼다,태거 방향 오류 가능,4,"[positive] 번들거림 없이 마무리돼서 (리뷰 44251196)
[positive] 단단한 피지가 줄어들고 (리뷰 33192499)
[negative] 기름이 오히려 더 뜨는 느낌 (리뷰 56218051)
[negative] 피지 녹여주는 앰플..? 네 피지고 모공이고 그대로 였어요 (리뷰 59951879)"
p033|product=None|유분/번들거림,셀라딕스 트러블 세범 리밸런싱 앰플,유분/번들거림,조건 없음 (이 제품 리뷰 전체),unconditional,혼재,번들거림 잡는다는데 유분기 있는 피부에도 효과가 있을까?,"코 주변 피지와 번들거림이 줄고 유분감이 없어졌다는 후기가 다수다. 다만 제형 자체가 끈적하다는 언급이 있고, 오히려 기름이 더 뜨는 느낌이었다는 반대 경험도 나온다.",102,14,2,118,240,358,hedged,의견이 갈린다 · 말하지 않은 사람이 많다 · 게이트가 한계를 남겼다,태거 방향 오류 가능,4,"[positive] 과도하게 올라오던 번들거리는 유분(피지)이 많이 잡히는 게 느껴졌고 (리뷰 62258290)
[positive] 유분감이 전혀 없어서 신기했어요 (리뷰 46088638)
[neutral] 끈적한 제형이 (리뷰 62883134)
[negative] 기름이 오히려 더 뜨는 느낌 (리뷰 56218051)"
p033|skinTrouble=C05|유분/번들거림,셀라딕스 트러블 세범 리밸런싱 앰플,유분/번들거림,트러블 고민,conditional,혼재,트러블 피부인데 이거 바르면 유분·번들거림이 잡힐까?,"피지가 몽글몽글 뭉쳐 올라오던 게 줄고 번들거림 없이 산뜻하다는 후기가 많다. 반면 발라도 피지·모공이 그대로였다거나 오히려 기름이 더 뜨는 느낌이었다는 리뷰도 있어, 트러블 피부라고 해서 반응이 같지는 않은 것으로 보인다.",5,3,0,8,36,44,hedged,의견이 갈린다 · 말하지 않은 사람이 많다 · 게이트가 한계를 남겼다,태거 방향 오류 가능,5,"[positive] 피지 몽글몽글 뭉쳐서 올라오는게 심했는데 그게 확실히 줄었어요 (리뷰 46450951)
[positive] 전혀 기름지지 않고 (리뷰 45353477)
[negative] 기름이 오히려 더 뜨는 느낌 (리뷰 56218051)
[negative] 피지 녹여주는 앰플..? 네 피지고 모공이고 그대로 였어요 (리뷰 59951879)
[negative] 좀 번들거리더라고요 (리뷰 63487583)"
p033|skinTrouble=미기재|유분/번들거림,셀라딕스 트러블 세범 리밸런싱 앰플,유분/번들거림,피부고민을 안 밝힌 리뷰,conditional,혼재,"번들거림 잡아준다는데, 바르고 나면 산뜻할까 끈적할까?","겉으로 번들거리던 피지가 잡히고 속은 편안해졌다는 말이 많다. 다만 제형 자체가 끈적하다는 언급과 함께, 흡수된 뒤에도 잔여감이 무겁고 끈적하게 남는다는 리뷰가 있다. 유분은 줄어도 바르는 동안의 텍스처감은 별개로 볼 필요가 있어 보인다.",84,10,2,96,161,257,hedged,의견이 갈린다 · 말하지 않은 사람이 많다 · 게이트가 한계를 남겼다,태거 방향 오류 가능,4,"[positive] 번들거리는 피부를 산뜻하게 관리 (리뷰 63372951)
[positive] 과도하게 올라오던 번들거리는 유분(피지)이 많이 잡히는 게 느껴졌고 (리뷰 62258290)
[neutral] 끈적한 제형이 (리뷰 62883134)
[negative] 잔여감은 약간 끈적하고 무거움 (리뷰 63992027)"
p033|skinType=미기재|유분/번들거림,셀라딕스 트러블 세범 리밸런싱 앰플,유분/번들거림,피부타입을 안 밝힌 리뷰,conditional,혼재,번들거리는 피부인데 이거 쓰면 유분이 잡힐까?,"번들거리던 유분(피지)이 잡히고 겉이 산뜻해진다는 평이 많다. 다만 바르는 순간 제형이 끈적하다거나, 흡수 후에도 잔여감이 무겁게 남는다는 언급이 함께 나온다. 유분 커버 자체는 되지만 그 과정의 사용감에서 호불호가 갈리는 모양새다.",84,10,2,96,156,252,hedged,의견이 갈린다 · 말하지 않은 사람이 많다 · 게이트가 한계를 남겼다,태거 방향 오류 가능,4,"[positive] 번들거리는 피부를 산뜻하게 관리 (리뷰 63372951)
[positive] 과도하게 올라오던 번들거리는 유분(피지)이 많이 잡히는 게 느껴졌고 (리뷰 62258290)
[neutral] 끈적한 제형이 (리뷰 62883134)
[negative] 잔여감은 약간 끈적하고 무거움 (리뷰 63992027)"
p033|skinType=A02|트러블/자극,셀라딕스 트러블 세범 리밸런싱 앰플,트러블/자극,건성 피부,conditional,긍정,건성인데 트러블 개선 앰플이 자극되거나 안 맞지 않을까?,"좁쌀이나 단단한 뾰루지, 튀어나온 덩어리가 가라앉고 붉은기가 줄었다는 후기가 이어진다. 유분으로 올라오던 트러블도 잠잠해졌다는 언급이 있어 건성이라도 과도한 유분 트러블에 쓸 수 있다는 흐름이다. 자극적이지 않았다는 언급도 함께 나와, 순하게 진정되는 쪽으로 방향이 모인다.",12,0,0,12,6,18,hedged,게이트가 한계를 남겼다,태거 방향 오류 가능,4,"[positive] 튀어나오고 딱딱한 덩어리들이 싹 사라진게 육안으로도 보이고 (리뷰 55672048)
[positive] 과도한 유분기 때문에 올라오던 트러블도 점차 잠잠해지고 (리뷰 63768792)
[positive] 자극적이지 않다는걸 알고 (리뷰 34570851)
[positive] 좁쌀이나 단단한(?)뾰루지가 많이 들어가고 (리뷰 62557733)"
p033|skinTrouble=C02|트러블/자극,셀라딕스 트러블 세범 리밸런싱 앰플,트러블/자극,미백 고민,conditional,긍정,트러블 피부인데 자극 없이 진정될까?,"따갑거나 자극적이지 않으면서 튀어나온 덩어리나 좁쌀, 피지성 트러블이 가라앉았다는 후기가 많다. 유분기로 올라오던 트러블이 점차 잠잠해졌다는 언급도 있고, 1회 사용만으로 가라앉았다는 말까지 나온다. 반대되는 불만은 눈에 띄지 않는다.",13,0,1,14,12,26,hedged,게이트가 한계를 남겼다,태거 방향 오류 가능,4,"[positive] 튀어나오고 딱딱한 덩어리들이 싹 사라진게 육안으로도 보이고 (리뷰 55672048)
[positive] 막 따갑다거나 자극은 없었어요 (리뷰 46117461)
[positive] 과도한 유분기 때문에 올라오던 트러블도 점차 잠잠해지고 (리뷰 63768792)
[positive] 피지나 좁쌀에 효과 본거 (리뷰 46454460)"
p033|skinType=A04|트러블/자극,셀라딕스 트러블 세범 리밸런싱 앰플,트러블/자극,민감성 피부,conditional,혼재,민감성인데 이거 바르면 트러블 올라오지 않을까?,"빨갛게 올라온 여드름이 가라앉고 자극 없이 진정됐다는 후기가 다수다. 다만 턱에 화농성 트러블이 크게 올라왔다는 리뷰와 좁쌀이 폭탄처럼 올라왔다는 리뷰, 약간의 자극이 느껴진다는 리뷰가 함께 있어 모두에게 순하다고 보기는 어렵다.",8,3,0,11,1,12,hedged,의견이 갈린다 · 게이트가 한계를 남겼다,태거 방향 오류 가능,5,"[positive] 빨갛게 올라온 여드름이 이틀 만에 가라앉는 거 (리뷰 46088638)
[positive] 막 따갑다거나 자극은 없었어요 (리뷰 46117461)
[negative] 트러블이 올라오고 턱에는 크게 화농성으로 올라와서 (리뷰 32889721)
[negative] 조금의 자극은 느껴지지만 (리뷰 56535587)
[negative] 좁쌀 폭탄을 맞았음 (리뷰 57987736)"
p033|skinType=A03|트러블/자극,셀라딕스 트러블 세범 리밸런싱 앰플,트러블/자극,복합성 피부,conditional,혼재,복합성인데 트러블 진정에 효과 있고 자극은 없을까?,"좁쌀이나 트러블이 가라앉고 자극 없이 편하게 쓸 수 있었다는 후기가 많다. 민감한 피부도 저자극으로 느꼈다는 언급도 나온다. 다만 반대로 오히려 자극을 느꼈다는 리뷰도 있어, 트러블은 없었지만 자극과는 별개라고 구분해 말하는 경우도 보인다.",24,2,1,27,17,44,hedged,의견이 갈린다 · 게이트가 한계를 남겼다,소수가 잡음 범위 · 태거 방향 오류 가능,4,"[positive] 자극 없이 진정되는 느낌 (리뷰 44251196)
[positive] 트러블이 금방 잠잠해지고 (리뷰 45353477)
[negative] 오히려 자극을 좀 느꼈어요 (리뷰 56218051)
[neutral] 트러블은 없지만 (리뷰 61603010)"
p033|skinTrouble=C01|트러블/자극,셀라딕스 트러블 세범 리밸런싱 앰플,트러블/자극,잡티 고민,conditional,혼재,잡티 고민 있는데 자극 없이 진정될까?,"따갑거나 트러블 없이 저자극으로 진정되는 느낌이라는 평이 많고, 민감한 피부도 편하게 쓸 수 있었다는 언급이 나온다. 다만 조금의 자극은 느껴진다는 리뷰도 있어 사람에 따라 차이가 있을 수 있다.",27,2,1,30,19,49,hedged,의견이 갈린다 · 게이트가 한계를 남겼다,소수가 잡음 범위 · 태거 방향 오류 가능,3,"[positive] 막 따갑다거나 자극은 없었어요 (리뷰 46117461)
[positive] 민감한 피부도 편한게 바를 수 있는 저자극 (리뷰 33192499)
[negative] 조금의 자극은 느껴지지만 (리뷰 56535587)"
p033|product=None|트러블/자극,셀라딕스 트러블 세범 리밸런싱 앰플,트러블/자극,조건 없음 (이 제품 리뷰 전체),unconditional,혼재,"트러블 진정 효과가 있을까, 자극은 없을까?","예민한 날에도 자극 없이 편안하게 쓸 수 있고, 좁쌀 트러블이나 튀어나온 덩어리가 가라앉는 걸 눈으로 확인했다는 말이 많다. 다만 트러블과 그 흔적이 마법처럼 완전히 사라지는 건 아니라는 말도 있어, 극적인 즉효를 기대하기보다는 꾸준한 진정 관리 용도로 보는 편이 맞다.",167,15,6,188,170,358,hedged,의견이 갈린다 · 게이트가 한계를 남겼다,태거 방향 오류 가능,3,"[positive] 자극적인 느낌 없이 편안하게 사용할 수 있었어요 (리뷰 63372951)
[positive] 튀어나오고 딱딱한 덩어리들이 싹 사라진게 육안으로도 보이고 (리뷰 55672048)
[negative] 피부 트러블, 트러블 흔적을 막 마법처럼 사라지진 않았어요 (리뷰 38557340)"
p033|skinTrouble=C05|트러블/자극,셀라딕스 트러블 세범 리밸런싱 앰플,트러블/자극,트러블 고민,conditional,혼재,"트러블 피부인데 이거 바르면 진정될까, 오히려 뒤집어질까?","자극 없이 바를 수 있고 좁쌀이나 트러블이 진정된다는 후기가 많다. 2~3일 정도 발라보니 가라앉았다는 언급도 있다. 다만 턱 부위에 화농성 트러블이 오히려 올라왔다는 리뷰가 있어, 트러블 양상에 따라 반응이 갈릴 수 있다.",24,6,0,30,14,44,hedged,의견이 갈린다 · 게이트가 한계를 남겼다,태거 방향 오류 가능,3,"[positive] 자극도 없고 트러블도 진정되는게 진짜 좋았어요!! (리뷰 63452106)
[positive] 트러블이 안 사라졌는데 이거 2~3일 바르니까 (리뷰 59626535)
[negative] 트러블이 올라오고 턱에는 크게 화농성으로 올라와서 (리뷰 32889721)"
p033|skinTrouble=미기재|트러블/자극,셀라딕스 트러블 세범 리밸런싱 앰플,트러블/자극,피부고민을 안 밝힌 리뷰,conditional,혼재,예민하거나 트러블 잦은 피부인데 자극 없이 쓸 수 있을까?,"예민한 날에도 편안하게 쓸 수 있었고, 좁쌀 트러블이나 붉은 기가 가라앉았다는 후기가 많다. 여드름성 피부에도 안심하고 쓸 수 있다는 언급도 있다. 다만 트러블이나 그 흔적이 마법처럼 완전히 사라지지는 않았다는 말도 나와, 극적인 개선보다는 진정과 완화 쪽에 가깝다.",113,8,5,126,131,257,hedged,의견이 갈린다 · 말하지 않은 사람이 많다 · 게이트가 한계를 남겼다,태거 방향 오류 가능,4,"[positive] 자극적인 느낌 없이 편안하게 사용할 수 있었어요 (리뷰 63372951)
[positive] 다음 날 확실히 붉은 기가 가라앉아 있는 걸 확인할 수 있어요 (리뷰 44393137)
[positive] 여드름성 피부에도 안심하고 쓸 수 있고 (리뷰 63213900)
[negative] 피부 트러블, 트러블 흔적을 막 마법처럼 사라지진 않았어요 (리뷰 38557340)"
p033|skinType=미기재|트러블/자극,셀라딕스 트러블 세범 리밸런싱 앰플,트러블/자극,피부타입을 안 밝힌 리뷰,conditional,혼재,예민하거나 트러블 잘 나는 피부인데 자극 없이 쓸 수 있을까?,"예민한 날에도 편안하게 사용했고 좁쌀 트러블이나 붉은 기가 가라앉았다는 후기가 많다. 여드름성 피부에도 무리 없이 썼다는 말도 나온다. 다만 트러블과 흔적이 마법처럼 사라지진 않았다는 후기도 있어, 진정 효과를 체감하되 극적인 변화까지 기대하긴 어렵다는 쪽도 있다.",110,8,5,123,129,252,hedged,의견이 갈린다 · 말하지 않은 사람이 많다 · 게이트가 한계를 남겼다,태거 방향 오류 가능,4,"[positive] 자극적인 느낌 없이 편안하게 사용할 수 있었어요 (리뷰 63372951)
[positive] 진짜 심했던 트러블들이 완전 다 진정됐어요 (리뷰 44247776)
[positive] 여드름성 피부에도 안심하고 쓸 수 있고 (리뷰 63213900)
[negative] 피부 트러블, 트러블 흔적을 막 마법처럼 사라지진 않았어요 (리뷰 38557340)"
p033|product=None|흡수력,셀라딕스 트러블 세범 리밸런싱 앰플,흡수력,조건 없음 (이 제품 리뷰 전체),unconditional,혼재,발랐을 때 끈적이지 않고 잘 흡수될까?,끈적임 없이 가볍게 흡수되고 쫀득하게 스며든다는 평이 많다. 건성 피부에서도 흡수 후 산뜻하다는 언급이 나온다. 다만 흡수 후 살짝 텁텁한 느낌이 든다는 의견과 완전히 흡수되지 않는다는 의견이 소수 있다.,86,2,1,89,269,358,hedged,의견이 갈린다 · 말하지 않은 사람이 많다 · 게이트가 한계를 남겼다,소수가 잡음 범위 · 태거 방향 오류 가능,4,"[positive] 끈적임 없이 가볍게 흡수되는 사용감 (리뷰 63372951)
[positive] 건성에겐 흡수 되고 나서 (리뷰 53617855)
[neutral] 흡수되면 살짝 텁텁해지는? (리뷰 46454460)
[negative] 싹 흡수되는게 아니고 (리뷰 63653850)"
p033|skinTrouble=C05|흡수력,셀라딕스 트러블 세범 리밸런싱 앰플,흡수력,트러블 고민,conditional,혼재,트러블 피부인데 이거 바르면 잘 스며들까?,"끈적임 없이 빠르게 흡수된다는 말이 많고, 건성 피부에서도 흡수 후 산뜻하다는 언급이 있다. 다만 한 명은 피부에 실제로 스며드는지 잘 모르겠다는 반응을 보였다.",7,1,0,8,36,44,hedged,의견이 갈린다 · 말하지 않은 사람이 많다 · 게이트가 한계를 남겼다,소수가 잡음 범위 · 반대 1명 · 태거 방향 오류 가능,3,"[positive] 피부에 흡수되고 나면 끈적임 하나없이 (리뷰 46450951)
[positive] 흡수가 굉장히 빨라요 (리뷰 46214239)
[negative] 이게 진짜 피부에 스며드는건지도 모르겠음 (리뷰 57987736)"
p033|skinTrouble=미기재|흡수력,셀라딕스 트러블 세범 리밸런싱 앰플,흡수력,피부고민을 안 밝힌 리뷰,conditional,혼재,발랐을 때 겉돌거나 끈적이지 않고 잘 스며들까?,"끈적임 없이 산뜻하게 흡수된다는 말이 많고, 겉도는 느낌 없이 쫀쫀하게 스며든다는 표현도 함께 나온다. 다만 한 리뷰는 한 번에 싹 흡수되는 느낌은 아니라고 언급했다.",67,1,0,68,189,257,hedged,의견이 갈린다 · 말하지 않은 사람이 많다 · 게이트가 한계를 남겼다,소수가 잡음 범위 · 반대 1명 · 태거 방향 오류 가능,4,"[positive] 끈적임 없이 가볍게 흡수되는 사용감 (리뷰 63372951)
[positive] 피부에 발랐을 때 굉장히 산뜻하고 흡수가 빠르더라고요 (리뷰 44393137)
[positive] 겉도는 느낌없이 쫀쫀하게 잘 스며들어요 (리뷰 44247776)
[negative] 싹 흡수되는게 아니고 (리뷰 63653850)"
p033|skinType=미기재|흡수력,셀라딕스 트러블 세범 리밸런싱 앰플,흡수력,피부타입을 안 밝힌 리뷰,conditional,혼재,"이 앰플, 바르면 끈적이지 않고 잘 스며들까?","끈적임 없이 가볍고 산뜻하게 스며든다는 말이 많고, 겉돌지 않고 쫀쫀하게 흡수된다는 언급도 함께 나온다. 다만 한쪽에서는 완전히 흡수되는 느낌은 아니라는 말도 있다.",65,1,0,66,186,252,hedged,의견이 갈린다 · 말하지 않은 사람이 많다 · 게이트가 한계를 남겼다,소수가 잡음 범위 · 반대 1명 · 태거 방향 오류 가능,3,"[positive] 끈적임 없이 가볍게 흡수되는 사용감 (리뷰 63372951)
[positive] 겉도는 느낌없이 쫀쫀하게 잘 스며들어요 (리뷰 44247776)
[negative] 싹 흡수되는게 아니고 (리뷰 63653850)"
p044|product=None|가성비,아누아 피디알엔 히알루론산 100 수분크림,가성비,조건 없음 (이 제품 리뷰 전체),unconditional,긍정,60ml 두 개 구성인데 가격 대비 쓸 만할까?,"가격 대비 효과가 괜찮다는 평가가 많고, 특히 60ml 두 통 구성이라 하나씩 따로 사는 것보다 넉넉하고 든든하다는 말이 자주 나온다. 단점을 지적한 리뷰는 눈에 띄지 않는다.",22,0,0,22,333,355,hedged,말하지 않은 사람이 많다 · 게이트가 한계를 남겼다,태거 방향 오류 가능,3,"[positive] 가성비가 좋아서 (리뷰 47402753)
[positive] 60ml 두 개 구성이라 하나씩 사는 것보다 든든해서 (리뷰 63178456)
[positive] 가격 대비 성능이 정말 좋고 (리뷰 38886256)"
p044|skinTrouble=미기재|가성비,아누아 피디알엔 히알루론산 100 수분크림,가성비,피부고민을 안 밝힌 리뷰,conditional,긍정,60ml 두 개 구성이라던데 가격 대비 양은 괜찮을까?,"60ml 두 개가 들어있어 하나씩 따로 사는 것보다 든든하고 오래 쓸 수 있다는 말이 많다. 가격 자체도 저렴한 편이라는 언급이 함께 나오며, 가격 대비 성능이 좋다는 평도 보인다. 단점을 지적하는 리뷰는 눈에 띄지 않는다.",15,0,0,15,157,172,hedged,말하지 않은 사람이 많다 · 게이트가 한계를 남겼다,태거 방향 오류 가능,3,"[positive] 60ml 두 개 구성이라 하나씩 사는 것보다 든든해서 (리뷰 63178456)
[positive] 가격 대비 성능이 정말 좋고 (리뷰 38886256)
[positive] 2입 기획이라 가성비도 만족스럽고 (리뷰 62831721)"
p044|skinType=미기재|가성비,아누아 피디알엔 히알루론산 100 수분크림,가성비,피부타입을 안 밝힌 리뷰,conditional,긍정,60ml 두 통에 이 가격이면 다른 수분크림보다 나은 선택일까?,단순히 가격이 싸다는 말보다 60ml 두 통 구성이라는 점을 이유로 드는 리뷰가 많다. 하나씩 사는 것보다 든든하고 한동안 넉넉하게 쓸 수 있다는 점을 가성비의 근거로 꼽는다. 불만이나 아쉽다는 의견은 눈에 띄지 않는다.,14,0,0,14,149,163,hedged,말하지 않은 사람이 많다 · 게이트가 한계를 남겼다,태거 방향 오류 가능,3,"[positive] 60ml 두 개 구성이라 하나씩 사는 것보다 든든해서 (리뷰 63178456)
[positive] 60ml 두 통이라 한동안 넉넉하게 사용할 수 있는 것도 만족스러워요 (리뷰 63186790)
[positive] 가격 대비 성능이 정말 좋고 (리뷰 38886256)"
p044|product=None|밀착력,아누아 피디알엔 히알루론산 100 수분크림,밀착력,조건 없음 (이 제품 리뷰 전체),unconditional,혼재,메이크업 전에 발라도 밀리지 않고 잘 붙을까?,"메이크업 전에 바르면 화장이 잘 붙고 뭉치지 않는다는 말이 많다. 다만 때처럼 밀린다는 리뷰도 있어, 바르는 양이나 흡수 시간에 따라 갈리는 것으로 보인다.",18,2,0,20,335,355,hedged,의견이 갈린다 · 말하지 않은 사람이 많다 · 게이트가 한계를 남겼다,소수가 잡음 범위 · 태거 방향 오류 가능,3,"[positive] 피부화장 너무 착! 잘붙어요 (리뷰 48367516)
[positive] 위에 메이크업을 올려도 뭉치거나 베이스를 망치지 않아 (리뷰 37485752)
[negative] 때처럼 밀려요 (리뷰 54208916)"
p044|skinTrouble=미기재|밀착력,아누아 피디알엔 히알루론산 100 수분크림,밀착력,피부고민을 안 밝힌 리뷰,conditional,혼재,화장 전에 바르면 밀리지 않고 잘 붙을까?,화장 전에 바르면 피부화장이 잘 붙고 밀림·들뜸 없이 화장이 오래 유지된다는 말이 많다. 밀착력이 좋아진다거나 화장이 잘 먹는다는 언급도 함께 나온다. 다만 살짝 밀리는 느낌이 있었다는 리뷰도 하나 있다.,11,1,0,12,160,172,hedged,의견이 갈린다 · 말하지 않은 사람이 많다 · 게이트가 한계를 남겼다,소수가 잡음 범위 · 반대 1명 · 태거 방향 오류 가능,3,"[positive] 피부화장 너무 착! 잘붙어요 (리뷰 48367516)
[positive] 밀리지 않아 화장 전에 바르기 좋다는 생각 (리뷰 39533316)
[negative] 사알짝 밀리는감이있는거같아서 (리뷰 63489046)"
p044|skinType=미기재|밀착력,아누아 피디알엔 히알루론산 100 수분크림,밀착력,피부타입을 안 밝힌 리뷰,conditional,혼재,메이크업 전에 발라도 화장이 밀리지 않고 잘 붙을까?,메이크업 전에 바르면 밀리지 않고 화장이 잘 붙는다는 말이 많다. 들뜸이나 밀림 없이 화장이 오래간다는 언급이 꾸준하다. 다만 살짝 밀리는 느낌이 있다는 리뷰도 하나 있다.,11,1,0,12,151,163,hedged,의견이 갈린다 · 말하지 않은 사람이 많다 · 게이트가 한계를 남겼다,소수가 잡음 범위 · 반대 1명 · 태거 방향 오류 가능,4,"[positive] 피부화장 너무 착! 잘붙어요 (리뷰 48367516)
[positive] 밀리지 않아 화장 전에 바르기 좋다는 생각 (리뷰 39533316)
[positive] 메이크업 전에 바르면 밀리지 않고 (리뷰 61314315)
[negative] 사알짝 밀리는감이있는거같아서 (리뷰 63489046)"
p044|skinType=A02|발림감/텍스처,아누아 피디알엔 히알루론산 100 수분크림,발림감/텍스처,건성 피부,conditional,혼재,건성인데 이 크림 발림감이 부드러울까?,"가벼운 수분 텍스처로 산뜻하게 부드럽게 펴진다는 평이 많다. 다만 생각보다 두껍고 꾸덕하다고 느낀 리뷰도 있어, 무거운 제형을 기대하지 않는 편이 낫다는 언급이 나온다.",13,1,3,17,34,51,hedged,의견이 갈린다 · 말하지 않은 사람이 많다 · 게이트가 한계를 남겼다,소수가 잡음 범위 · 반대 1명 · 태거 방향 오류 가능,4,"[positive] 부드럽게 펴지고 (리뷰 53228091)
[positive] 가벼운 수분 텍스처 (리뷰 49583242)
[neutral] 생각했던 것보다 꾸덕한 제형인데 (리뷰 38903994)
[negative] 생각보다 두꺼워서 놀람 (리뷰 51449433)"
p044|skinType=A03|발림감/텍스처,아누아 피디알엔 히알루론산 100 수분크림,발림감/텍스처,복합성 피부,conditional,혼재,복합성인데 발림성이 부드럽고 산뜻할까?,레이어링해도 부담 없고 무겁지 않게 산뜻하게 마무리된다는 평이 많다. 발림성 자체가 부드럽고 촉촉하다는 말도 함께 나온다. 다만 한 리뷰에서는 얼굴이 버석하다고 해 정반대 반응을 보이기도 했다.,17,1,3,21,74,95,hedged,의견이 갈린다 · 말하지 않은 사람이 많다 · 게이트가 한계를 남겼다,소수가 잡음 범위 · 반대 1명 · 태거 방향 오류 가능,5,"[positive] 여러번 레이어링해주기 좋은 제형이라 (리뷰 47907871)
[positive] 끈적임이 전혀 없고 (리뷰 47908487)
[negative] 얼굴이 버석버석해요 (리뷰 38875488)
[positive] 발림성도 너무 만족스럽습니다 (리뷰 47047630)
[positive] 무겁지 않고 산뜻하게 마무리돼요 (리뷰 43498700)"
p044|skinTrouble=C01|발림감/텍스처,아누아 피디알엔 히알루론산 100 수분크림,발림감/텍스처,잡티 고민,conditional,혼재,발림성이 가볍고 부드러운 편일까?,"가벼운 수분 텍스처에 발림성이 부드럽고 촉촉하다는 말이 많다. 다만 생각보다 두껍다는 반응이 하나 있고, 묽은 겔보다는 진한 제형이라는 언급도 함께 나온다.",21,1,2,24,62,86,hedged,의견이 갈린다 · 말하지 않은 사람이 많다 · 게이트가 한계를 남겼다,소수가 잡음 범위 · 반대 1명 · 태거 방향 오류 가능,4,"[positive] 가벼운 수분 텍스처 (리뷰 49583242)
[positive] 발림성은 정말 부드럽고 (리뷰 46305744)
[negative] 생각보다 두꺼워서 놀람 (리뷰 51449433)
[neutral] 약간 묽은 겔 보다는 진한 제형 크림이네요 (리뷰 38715424)"
p044|product=None|발림감/텍스처,아누아 피디알엔 히알루론산 100 수분크림,발림감/텍스처,조건 없음 (이 제품 리뷰 전체),unconditional,혼재,발림감이 가볍고 끈적이지 않는 편일까?,"부드럽게 펴지면서 끈적임 없이 실키하게 마무리된다는 말이 많다. 레이어링하기 좋은 가벼운 수분 제형이라는 언급도 있다. 다만 생각보다 꾸덕한 제형이라는 리뷰와, 바르고 나면 얼굴이 버석하다는 리뷰가 함께 나온다.",96,6,7,109,246,355,hedged,의견이 갈린다 · 말하지 않은 사람이 많다 · 게이트가 한계를 남겼다,소수가 잡음 범위 · 태거 방향 오류 가능,4,"[positive] 제품 자체가 실키하게 마무리되어서 (리뷰 53687538)
[positive] 끈적임이 전혀 없고 (리뷰 47908487)
[neutral] 생각했던 것보다 꾸덕한 제형인데 (리뷰 38903994)
[negative] 얼굴이 버석버석해요 (리뷰 38875488)"
p044|skinTrouble=미기재|발림감/텍스처,아누아 피디알엔 히알루론산 100 수분크림,발림감/텍스처,피부고민을 안 밝힌 리뷰,conditional,혼재,무겁지 않고 산뜻하게 발리는 편일까?,"가볍고 산뜻하게 발리면서도 촉촉함은 남는다는 평이 많다. 부드럽게 스며들고 쫀쫀한 느낌이 있다는 언급이 함께 나온다. 다만 여름철에는 답답하게 느껴진다는 리뷰가 있어, 계절이나 날씨에 따라 무게감 체감이 달라질 수 있다.",52,3,1,56,116,172,hedged,의견이 갈린다 · 말하지 않은 사람이 많다 · 게이트가 한계를 남겼다,소수가 잡음 범위 · 태거 방향 오류 가능,4,"[positive] 매우 가벼운 제형에 속해요 (리뷰 39533316)
[positive] 촉촉하면서도 생각보다 답답하거나 무겁지 않아서 (리뷰 63178456)
[negative] 여름에 쓰기에 좀 답답한 느낌이 들어요 (리뷰 62018000)
[neutral] 너무 무겁지도 가볍지도 않은 제형인데 (리뷰 37874144)"
p044|skinType=미기재|발림감/텍스처,아누아 피디알엔 히알루론산 100 수분크림,발림감/텍스처,피부타입을 안 밝힌 리뷰,conditional,혼재,가볍게 발리면서도 보습감이 있을까?,"산뜻하고 가벼운 제형인데 답답하지 않으면서 촉촉하다는 말이 많다. 다만 여름철엔 답답하게 느껴진다는 소수 의견도 있어, 계절이나 사용 환경에 따라 다르게 느낄 수 있다.",51,3,1,55,108,163,hedged,의견이 갈린다 · 말하지 않은 사람이 많다 · 게이트가 한계를 남겼다,소수가 잡음 범위 · 태거 방향 오류 가능,3,"[positive] 매우 가벼운 제형에 속해요 (리뷰 39533316)
[positive] 촉촉하면서도 생각보다 답답하거나 무겁지 않아서 (리뷰 63178456)
[negative] 여름에 쓰기에 좀 답답한 느낌이 들어요 (리뷰 62018000)"
p044|skinTrouble=C04|보습감,아누아 피디알엔 히알루론산 100 수분크림,보습감,각질 고민,conditional,혼재,각질 일어나는 편인데 이 크림으로 보습이 충분할까?,"촉촉하고 건조한 날씨에도 보습감이 적당하다는 평이 많다. 다만 발라도 얼마 안 가 흡수되고 당긴다거나 수분감이 덜하다는 반응도 함께 나와, 각질이 잘 일어나는 피부라면 지속력이 부족하게 느껴질 수 있다.",9,4,0,13,20,33,hedged,의견이 갈린다 · 말하지 않은 사람이 많다 · 게이트가 한계를 남겼다,태거 방향 오류 가능,4,"[negative] 이 크림 바르고 조금만 있으면 흡수되고 바로 땡기더라구요 (리뷰 53687538)
[negative] 수분감이 덜 느껴졌습니다 (리뷰 38875488)
[positive] 촉촉하고 (리뷰 43853589)
[positive] 적당한 보습감 (리뷰 51054703)"
p044|skinType=A02|보습감,아누아 피디알엔 히알루론산 100 수분크림,보습감,건성 피부,conditional,혼재,건성인데 이거 하나로 속당김 없이 촉촉함이 유지될까?,속까지 수분이 꽉 채워지고 아침에도 당기지 않는다는 후기가 많아 건성에서도 무난히 쓰인다는 평이 많다. 다만 특징 없이 평범한 크림이라거나 수분감이 풍부한 정도는 아니라는 의견도 소수 있다.,29,1,1,31,20,51,hedged,의견이 갈린다 · 게이트가 한계를 남겼다,소수가 잡음 범위 · 반대 1명 · 태거 방향 오류 가능,5,"[positive] 속까지 수분을 아주 꽉잡아주는 속건조 관리 (리뷰 38883062)
[positive] 아침에 촉촉해요 (리뷰 47369925)
[positive] 피부 속의 수분 쫙 채워지면서 (리뷰 43635305)
[negative] 수분감이 풍부하진 않은것 같네요 (리뷰 56314428)
[neutral] 특징없는 크림이라 생각하는데 (리뷰 63956454)"
p044|skinTrouble=C08|보습감,아누아 피디알엔 히알루론산 100 수분크림,보습감,민감성 고민,conditional,혼재,민감성 피부인데 이 크림 하나로 속보습이 채워질까?,"속보습이 잘 채워지고 건조함이 개선된다는 말이 많다. 다만 건성을 겸한 경우 이 크림 하나만으로는 부족하게 느껴진다는 리뷰가 있어, 건조가 심한 편이라면 다른 제품과 병행하는 편이 낫다는 뜻으로 읽힌다.",9,1,0,10,8,18,hedged,의견이 갈린다 · 게이트가 한계를 남겼다,소수가 잡음 범위 · 반대 1명 · 태거 방향 오류 가능,2,"[positive] 속보습을 너무 잘 잡아줘서 (리뷰 47047630)
[negative] 건성인 저한텐 좀 단독으로 사용 하기엔 부족함이 있는 것 같은 기분이 드네요 (리뷰 48216356)"
p044|skinType=A04|보습감,아누아 피디알엔 히알루론산 100 수분크림,보습감,민감성 피부,conditional,혼재,민감성인데 이거 하나로 속당김 없이 촉촉함이 유지될까?,"바르자마자 수분감이 차오른다는 평이 많고 여름철에도 무난하다는 말이 나온다. 다만 흡수된 후 얼마 지나지 않아 땅긴다는 지적이 있고, 건성이라면 단독 사용만으로는 보습이 부족하다는 말도 있다. 보습력 자체를 크게 기대하고 사면 아쉬울 수 있다는 언급이 눈에 띈다.",8,3,0,11,9,20,hedged,의견이 갈린다 · 게이트가 한계를 남겼다,태거 방향 오류 가능,5,"[negative] 이 크림 바르고 조금만 있으면 흡수되고 바로 땡기더라구요 (리뷰 53687538)
[negative] 건성인 저한텐 좀 단독으로 사용 하기엔 부족함이 있는 것 같은 기분이 드네요 (리뷰 48216356)
[negative] 보습력을 기대하시면 안되실 거 같고 (리뷰 43442589)
[positive] 수분감이 좋아요 (리뷰 49568084)
[positive] 속 수분을 채워주는 느낌이었습니다 (리뷰 47196102)"
p044|skinType=A03|보습감,아누아 피디알엔 히알루론산 100 수분크림,보습감,복합성 피부,conditional,혼재,복합성인데 이거 하나로 속건조까지 잡힐까?,"속건조가 잡히고 피부가 탱글해진다는 평이 많고, 순하면서 촉촉하다는 언급도 함께 나온다. 다만 수분감이 덜 느껴졌다는 리뷰도 있어 피부 상태나 그날 컨디션에 따라 체감이 달라질 수 있다.",47,3,0,50,45,95,hedged,의견이 갈린다 · 게이트가 한계를 남겼다,소수가 잡음 범위 · 태거 방향 오류 가능,4,"[negative] 수분감이 덜 느껴졌습니다 (리뷰 38875488)
[positive] 속보습을 너무 잘 잡아줘서 (리뷰 47047630)
[positive] 진짜 수분으로 랩핑 되어서 탱글탱글한 피부를 만들어 줘요 (리뷰 39236408)
[positive] 엄청 촉촉한데 순한 느낌이라 (리뷰 62066655)"
p044|skinTrouble=C06|보습감,아누아 피디알엔 히알루론산 100 수분크림,보습감,블랙헤드 고민,conditional,혼재,이거 하나로 수분감이 채워질까?,"촉촉한 제형으로 속 수분이 채워지는 느낌이라는 평이 많고, 순하다는 언급도 함께 나온다. 다만 보습력을 기대하면 안 될 것 같다거나 수분감이 살짝 부족하다는 리뷰도 있어, 건조함이 심한 편이라면 보습력만 보고 고르기엔 아쉬울 수 있다.",11,2,0,13,13,26,hedged,의견이 갈린다 · 말하지 않은 사람이 많다 · 게이트가 한계를 남겼다,소수가 잡음 범위 · 태거 방향 오류 가능,5,"[positive] 건성 피부한테 넘 좋는 것 같아요 (리뷰 53284279)
[positive] 수분감 가득한 제형인데 (리뷰 43498700)
[positive] 속 수분을 채워주는 느낌이었습니다 (리뷰 47196102)
[negative] 보습력을 기대하시면 안되실 거 같고 (리뷰 43442589)
[negative] 쬐끔 수분감이 부족하네요 (리뷰 51447214)"
p044|skinTrouble=C01|보습감,아누아 피디알엔 히알루론산 100 수분크림,보습감,잡티 고민,conditional,혼재,잡티 때문에 고민인데 이거 하나로 속건조까지 잡힐까?,"속건조가 확실히 잡히고 촉촉하면서도 순하다는 평이 많다. 피부 속까지 수분이 채워지는 느낌을 강조하는 리뷰가 여럿이다. 다만 건성 피부는 이 크림 하나만으로는 부족하다는 언급이 있어, 건조함이 심한 편이라면 다른 제품과 병행하는 편이 나을 수 있다.",43,1,0,44,42,86,hedged,의견이 갈린다 · 게이트가 한계를 남겼다,소수가 잡음 범위 · 반대 1명 · 태거 방향 오류 가능,3,"[positive] 수분 크림 역할은 톡톡히 하니까 (리뷰 49583242)
[positive] 속건조는 확실히 잡아주는것 같아요 (리뷰 48152263)
[negative] 건성인 저한텐 좀 단독으로 사용 하기엔 부족함이 있는 것 같은 기분이 드네요 (리뷰 48216356)"
p044|product=None|보습감,아누아 피디알엔 히알루론산 100 수분크림,보습감,조건 없음 (이 제품 리뷰 전체),unconditional,혼재,이거 하나로 속건조까지 잡힐까?,"속보습을 확실히 채워준다, 수분감을 꽉 채워주는 느낌이라는 말이 많다. 다만 바르고 조금만 지나면 흡수되고 바로 당긴다는 반응과, 수분감이 덜 느껴졌다는 반응도 함께 나온다. 어떤 조건에서 갈리는지는 인용에서 뚜렷하게 드러나지 않는다.",162,7,2,171,184,355,hedged,의견이 갈린다 · 말하지 않은 사람이 많다 · 게이트가 한계를 남겼다,소수가 잡음 범위 · 태거 방향 오류 가능,4,"[positive] 피부의 속보습을 확실하게 채워줘서 (리뷰 47402753)
[positive] 수분감을 꽉 채워주는 느낌이었어요 (리뷰 39533316)
[negative] 이 크림 바르고 조금만 있으면 흡수되고 바로 땡기더라구요 (리뷰 53687538)
[negative] 수분감이 덜 느껴졌습니다 (리뷰 38875488)"
p044|skinTrouble=C05|보습감,아누아 피디알엔 히알루론산 100 수분크림,보습감,트러블 고민,conditional,혼재,트러블 있는 피부인데 이거 하나로 속건조가 잡힐까?,"속건조가 잘 잡히고 피부에 수분감이 도는 느낌이라는 평이 많다. 순한 느낌이라 트러블 피부에도 부담이 적다는 언급도 나온다. 다만 보습력을 기대하면 안 될 것 같다며 아쉬움을 남긴 리뷰도 있어, 건조도가 심한 경우엔 체감이 다를 수 있다.",21,2,0,23,20,43,hedged,의견이 갈린다 · 게이트가 한계를 남겼다,소수가 잡음 범위 · 태거 방향 오류 가능,3,"[positive] 정말 속건조를 잘 잡아줘요 (리뷰 39996672)
[positive] 엄청 촉촉한데 순한 느낌이라 (리뷰 62066655)
[negative] 보습력을 기대하시면 안되실 거 같고 (리뷰 43442589)"
p044|skinTrouble=미기재|보습감,아누아 피디알엔 히알루론산 100 수분크림,보습감,피부고민을 안 밝힌 리뷰,conditional,혼재,이거 하나로 속보습이 채워질까?,"피부 속까지 수분감이 꽉 채워지고 촉촉하게 정돈된다는 말이 많다. 특징 없는 크림이라는 다소 심드렁한 평과, 수분감이 풍부하지 않다는 소수 의견도 나오지만 이 제품만의 단점으로 짚을 만한 내용은 거의 보이지 않는다.",71,1,2,74,98,172,hedged,의견이 갈린다 · 말하지 않은 사람이 많다 · 게이트가 한계를 남겼다,소수가 잡음 범위 · 반대 1명 · 태거 방향 오류 가능,4,"[positive] 피부의 속보습을 확실하게 채워줘서 (리뷰 47402753)
[positive] 속까지 촉촉해지는 느낌 (리뷰 39811554)
[neutral] 특징없는 크림이라 생각하는데 (리뷰 63956454)
[negative] 수분감이 풍부하진 않은것 같네요 (리뷰 56314428)"
p044|skinType=미기재|보습감,아누아 피디알엔 히알루론산 100 수분크림,보습감,피부타입을 안 밝힌 리뷰,conditional,긍정,이거 하나로 촉촉함이 유지될까?,"발랐을 때 겉이 아니라 속부터 수분이 차오르는 느낌이라는 말이 반복적으로 나온다. 스며드는 속도나 정돈되는 느낌을 언급하는 리뷰도 있어 보습감 자체에 대한 불만은 눈에 띄지 않는다. 다만 '적당하다'는 정도로만 말하는 경우도 있어, 극적인 보습보다는 무난한 촉촉함에 가깝다.",64,0,1,65,98,163,hedged,말하지 않은 사람이 많다 · 게이트가 한계를 남겼다,태거 방향 오류 가능,3,"[positive] 피부의 속보습을 확실하게 채워줘서 (리뷰 47402753)
[positive] 속까지 촉촉해지는 느낌 (리뷰 39811554)
[neutral] 보습도 적당해서 (리뷰 63788837)"
p044|skinType=A02|유분/번들거림,아누아 피디알엔 히알루론산 100 수분크림,유분/번들거림,건성 피부,conditional,혼재,건성인데 이 크림 바르면 유분기가 뜨지 않을까?,"건성인데도 겉돌지 않고 끈적임 없이 촉촉하게 마무리된다는 평이 많다. 반면 같은 건성이라도 유분기만 피부 위에 동동 뜨는 느낌이라거나 기름지게 겉돈다는 불만도 꾸준히 나온다. 인용만으로는 이 차이를 가르는 사용량이나 도포 방식이 드러나지 않아, 발림새를 직접 확인해보는 편이 안전하다.",5,5,0,10,41,51,hedged,의견이 갈린다 · 말하지 않은 사람이 많다 · 게이트가 한계를 남겼다,태거 방향 오류 가능,4,"[negative] 이 제품은 특유의 기름진 느낌으로 마무리됩니다 (리뷰 61616629)
[positive] 건성 기준 번들거리거나 겉돌지 않고 (리뷰 49583242)
[negative] 유분기만 피부 표면에 동동 뜨는 느낌이라 (리뷰 51449433)
[positive] 끈적거림없이 촉촉해요 (리뷰 60278544)"
p044|skinTrouble=C02|유분/번들거림,아누아 피디알엔 히알루론산 100 수분크림,유분/번들거림,미백 고민,conditional,혼재,이거 하나로 유분기 없이 산뜻하게 마무리될까?,"번들거리지 않고 끈적임 없이 산뜻하게 마무리된다는 말이 많다. 다만 기름지게 겉돈다고 느낀 경우도 있고, 끈적임이 약간 있지만 불편할 정도는 아니라는 의견도 함께 나온다.",8,2,1,11,54,65,hedged,의견이 갈린다 · 말하지 않은 사람이 많다 · 게이트가 한계를 남겼다,태거 방향 오류 가능,4,"[positive] 건성 기준 번들거리거나 겉돌지 않고 (리뷰 49583242)
[positive] 끈적임 하나도 없는 크림 제형 (리뷰 37485752)
[negative] 기름이 ㅁㅊ듯이 겉돌거라는 생각 (리뷰 56271204)
[neutral] 사용후 끈적임은 다소있지만 불편할정도는 아니에요 (리뷰 46305744)"
p044|skinType=A03|유분/번들거림,아누아 피디알엔 히알루론산 100 수분크림,유분/번들거림,복합성 피부,conditional,혼재,복합성인데 이 크림 바르면 번들거리지 않을까?,"흡수가 빠르면서 끈적임 없이 산뜻하게 마무리된다는 평이 많다. 다만 유분감이 느껴진다거나 사용 후 다소 끈적인다는 반응도 함께 나와, 같은 제품에서도 체감이 갈린다.",10,4,1,15,80,95,hedged,의견이 갈린다 · 말하지 않은 사람이 많다 · 게이트가 한계를 남겼다,태거 방향 오류 가능,4,"[positive] 수분감은 딱 채워주면서 흡수는 빠르게 돼서 전혀 끈적임 없어서 (리뷰 52799303)
[positive] 번들거림이 전혀 없어서 (리뷰 47908487)
[negative] 유분감10 수분감 90 정도로 느껴져용 (리뷰 62066655)
[neutral] 사용후 끈적임은 다소있지만 불편할정도는 아니에요 (리뷰 46305744)"
p044|skinTrouble=C01|유분/번들거림,아누아 피디알엔 히알루론산 100 수분크림,유분/번들거림,잡티 고민,conditional,혼재,이거 바르면 유분지고 번들거리지 않을까?,"수분감은 채워지면서 흡수가 빨라 끈적임이 없다는 평이 많고, 건성도 겉돌지 않는다는 말이 있다. 다만 유분기가 표면에 뜨는 느낌이라거나 기름진 마무리감을 지적하는 리뷰도 있어, 마무리 질감에서는 평가가 갈린다.",10,5,2,17,69,86,hedged,의견이 갈린다 · 말하지 않은 사람이 많다 · 게이트가 한계를 남겼다,태거 방향 오류 가능,3,"[positive] 수분감은 딱 채워주면서 흡수는 빠르게 돼서 전혀 끈적임 없어서 (리뷰 52799303)
[negative] 이 제품은 특유의 기름진 느낌으로 마무리됩니다 (리뷰 61616629)
[negative] 유분기만 피부 표면에 동동 뜨는 느낌이라 (리뷰 51449433)"
p044|product=None|유분/번들거림,아누아 피디알엔 히알루론산 100 수분크림,유분/번들거림,조건 없음 (이 제품 리뷰 전체),unconditional,혼재,이거 바르면 기름지고 번들거리지 않을까?,"수분은 채우면서도 흡수가 빨라 끈적임이나 번들거림이 없다는 평이 많고, 건성 피부도 겉돌지 않는다는 언급이 있다. 다만 특유의 기름진 마무리감을 지적하거나 끈적거림 자체를 싫어하는 리뷰도 꾸준히 나와, 마무리 질감을 가르는 요인이 무엇인지는 인용만으로는 분명치 않다.",46,23,3,72,283,355,hedged,의견이 갈린다 · 말하지 않은 사람이 많다 · 게이트가 한계를 남겼다,태거 방향 오류 가능,4,"[negative] 이 제품은 특유의 기름진 느낌으로 마무리됩니다 (리뷰 61616629)
[positive] 수분감은 딱 채워주면서 흡수는 빠르게 돼서 전혀 끈적임 없어서 (리뷰 52799303)
[positive] 건성 기준 번들거리거나 겉돌지 않고 (리뷰 49583242)
[negative] 살짝 기름지기때문에 (리뷰 47409117)"
p044|skinTrouble=C05|유분/번들거림,아누아 피디알엔 히알루론산 100 수분크림,유분/번들거림,트러블 고민,conditional,혼재,트러블 피부인데 이거 쓰면 유분지고 번들거리지 않을까?,"발랐을 때는 흡수가 빠르고 끈적임이 없다는 평도 있지만, 시간이 지난 뒤나 다음 날 아침에 기름지고 번들거린다는 말이 더 자주 나온다. 유분감이 도드라진다거나 얼굴에서 겉돈다는 표현도 있고, 한여름처럼 더운 시기에는 버티기 어려울 수 있다는 언급도 있다.",5,9,0,14,29,43,hedged,의견이 갈린다 · 말하지 않은 사람이 많다 · 게이트가 한계를 남겼다,태거 방향 오류 가능,6,"[positive] 수분감은 딱 채워주면서 흡수는 빠르게 돼서 전혀 끈적임 없어서 (리뷰 52799303)
[negative] 흡수가 된 뒤에는 조금 끈적하다고 느껴졌지만 (리뷰 39996672)
[negative] 담날 번들번들 기름광 나서 (리뷰 54208916)
[negative] 유분감10 수분감 90 정도로 느껴져용 (리뷰 62066655)
[negative] 기름이 ㅁㅊ듯이 겉돌거라는 생각 (리뷰 56271204)
[negative] 한여름엔 어려울 수도 있을 것 같습니다 (리뷰 39699498)"
p044|skinTrouble=미기재|유분/번들거림,아누아 피디알엔 히알루론산 100 수분크림,유분/번들거림,피부고민을 안 밝힌 리뷰,conditional,혼재,이거 바르면 유분지고 번들거리지 않을까?,"끈적임 없이 산뜻하게 마무리되고 답답한 유분감 대신 얇은 수분막 느낌이라는 평이 많다. 다만 살짝 기름진다고 느낀 리뷰도 있어, 피부 상태나 사용량에 따라 갈릴 수 있다.",25,10,1,36,136,172,hedged,의견이 갈린다 · 말하지 않은 사람이 많다 · 게이트가 한계를 남겼다,태거 방향 오류 가능,3,"[negative] 살짝 기름지기때문에 (리뷰 47409117)
[positive] 끈적임이 1도 없어 (리뷰 47402753)
[positive] 답답한 유분감보다는 수분막이 얇게 씌워진 듯한 느낌이에요 (리뷰 63186790)"
p044|skinType=미기재|유분/번들거림,아누아 피디알엔 히알루론산 100 수분크림,유분/번들거림,피부타입을 안 밝힌 리뷰,conditional,혼재,이거 바르면 유분지고 번들거리지 않을까?,"끈적임 없이 산뜻하게 마무리되고 답답한 유분감보다는 얇은 수분막 같다는 평이 많다. 다만 살짝 기름지다고 느꼈다는 리뷰도 있어, 피부 상태나 사용량에 따라 다르게 느껴질 수 있다.",25,10,0,35,128,163,hedged,의견이 갈린다 · 말하지 않은 사람이 많다 · 게이트가 한계를 남겼다,태거 방향 오류 가능,3,"[negative] 살짝 기름지기때문에 (리뷰 47409117)
[positive] 끈적임이 1도 없어 (리뷰 47402753)
[positive] 답답한 유분감보다는 수분막이 얇게 씌워진 듯한 느낌이에요 (리뷰 63186790)"
p044|product=None|지속성,아누아 피디알엔 히알루론산 100 수분크림,지속성,조건 없음 (이 제품 리뷰 전체),unconditional,혼재,이 크림 바르면 수분감이 하루 종일 유지될까?,"집에 와서도 건조함이 없고 속당김 없이 하루가 편안하다는 후기가 많다. 수분감이 날아가지 않고 오래 유지된다는 말이 반복적으로 나온다. 다만 유수분 유지가 길지 않다고 느낀 리뷰도 있어, 피부 상태나 그날 컨디션에 따라 체감이 다를 수 있다.",24,3,0,27,328,355,hedged,의견이 갈린다 · 말하지 않은 사람이 많다 · 게이트가 한계를 남겼다,소수가 잡음 범위 · 태거 방향 오류 가능,4,"[negative] 유수분 유지가 길지 않아 (리뷰 61616629)
[positive] 수분감이 오래가서 (리뷰 53228091)
[positive] 하루 종일 속당김 없이 편안해요 (리뷰 47908487)
[positive] 진짜 수분감이 날아가지 않는다고 느꼈어요 (리뷰 38903994)"
p044|skinType=미기재|지속성,아누아 피디알엔 히알루론산 100 수분크림,지속성,피부타입을 안 밝힌 리뷰,conditional,긍정,이 크림 하나로 수분감이 하루 종일 유지될까?,"발라두면 시간이 지나도 당기거나 건조한 느낌이 없고, 수분감이 오래 유지된다는 말이 많다. 집에 돌아온 뒤에도 촉촉함이 남아있다는 언급도 있어, 지속력 자체에 대한 불만은 눈에 띄지 않는다.",10,0,0,10,153,163,hedged,말하지 않은 사람이 많다 · 게이트가 한계를 남겼다,태거 방향 오류 가능,3,"[positive] 촉촉함이 오래 유지 됩니당 (리뷰 48367516)
[positive] 집 와서도 건조한 느낌 하나도 없고 (리뷰 47881772)
[positive] 하루종일. 수분 가득해서 (리뷰 62001819)"
p044|product=None|탄력/탱탱함,아누아 피디알엔 히알루론산 100 수분크림,탄력/탱탱함,조건 없음 (이 제품 리뷰 전체),unconditional,혼재,이거 바르면 탄력 개선 효과를 볼 수 있을까?,"바른 직후 피부가 쫀쫀하고 탱탱해지는 느낌을 받았다는 리뷰가 많고, 회복력이 좋아졌다는 말도 나온다. 다만 팔자주름이 눈에 띄게 차오르거나 사라지는 수준은 아니라는 지적이 함께 있는데, 얕은 주름 예방 정도로는 만족하지만 깊은 주름 개선은 미미하다고 선을 긋는 리뷰가 있다.",11,3,2,16,339,355,hedged,의견이 갈린다 · 말하지 않은 사람이 많다 · 게이트가 한계를 남겼다,태거 방향 오류 가능,5,"[negative] 주름 개선 효과가 있긴하지만 미미한 제품인거 같아요 (리뷰 53687538)
[negative] 피부 탄력이 회복되면서 팔자 패인 부위가 차오르는 마법은 없어요 (리뷰 49583242)
[positive] 피부가 쫀쫀해서 (리뷰 39996672)
[positive] 피부가 탱탱해진 느낌을 받았습니다 (리뷰 38886256)
[positive] 얕은 주름들은 예방하기에 좋은 것 같아요 (리뷰 55461473)"
p044|skinTrouble=미기재|탄력/탱탱함,아누아 피디알엔 히알루론산 100 수분크림,탄력/탱탱함,피부고민을 안 밝힌 리뷰,conditional,혼재,탄력이나 주름 개선 효과를 기대해도 될까?,"피부가 탱탱하고 쫀득해졌다는 말이 꾸준히 나오고, 주름이 옅어지거나 개선에 도움이 된다는 언급도 함께 있다. 다만 팔자주름은 펴지는 효과가 없었다는 리뷰가 있어, 깊은 주름보다는 피부 탄력감 쪽에 더 맞는 것으로 보인다.",7,1,0,8,164,172,hedged,의견이 갈린다 · 말하지 않은 사람이 많다 · 게이트가 한계를 남겼다,소수가 잡음 범위 · 반대 1명 · 태거 방향 오류 가능,3,"[positive] 피부가 탱탱해진 느낌을 받았습니다 (리뷰 38886256)
[positive] 주름이 옅어지네요 (리뷰 62798590)
[negative] 팔자주름 펴지고..ㅋ..그런거 없습니다 (리뷰 63493720)"
p044|skinType=미기재|탄력/탱탱함,아누아 피디알엔 히알루론산 100 수분크림,탄력/탱탱함,피부타입을 안 밝힌 리뷰,conditional,혼재,이 크림으로 탄력이나 탱탱함이 느껴질까?,"바르고 나서 피부가 탱탱하거나 쫀득해졌다는 후기가 많고, 주름이 옅어졌다거나 개선에 도움이 된다는 언급도 이어진다. 다만 팔자주름처럼 눈에 띄게 펴지는 효과까지는 없었다는 후기도 있어, 탄력감은 느껴져도 깊은 주름 개선까지 기대하기는 어려울 수 있다.",7,1,0,8,155,163,hedged,의견이 갈린다 · 말하지 않은 사람이 많다 · 게이트가 한계를 남겼다,소수가 잡음 범위 · 반대 1명 · 태거 방향 오류 가능,3,"[positive] 피부가 탱탱해진 느낌을 받았습니다 (리뷰 38886256)
[positive] 주름이 옅어지네요 (리뷰 62798590)
[negative] 팔자주름 펴지고..ㅋ..그런거 없습니다 (리뷰 63493720)"
p044|skinType=A02|트러블/자극,아누아 피디알엔 히알루론산 100 수분크림,트러블/자극,건성 피부,conditional,혼재,건성인데 트러블 없이 순하게 쓸 수 있을까?,"자극 없이 순하다는 말이 많고, 기초 잘못 쓰면 쉽게 트러블 나는 체질인데도 괜찮았다는 언급이 눈에 띈다. 다만 광대 쪽에 좁쌀이 올라왔다는 리뷰와 처음 바를 때 자극이 있었다는 리뷰도 있어, 소수지만 초기 반응이나 특정 부위 트러블을 겪는 경우가 있다.",10,2,0,12,39,51,hedged,의견이 갈린다 · 말하지 않은 사람이 많다 · 게이트가 한계를 남겼다,소수가 잡음 범위 · 태거 방향 오류 가능,4,"[positive] 자극 없이 순한데 (리뷰 53228091)
[positive] 기초 잘못 바르면 바로 트러블 왕창 나는데 이 제품은 성분도 좋은 것 같아요 (리뷰 38903994)
[negative] 광대 쪽에 좁쌀 파티 열림 (리뷰 51449433)
[negative] 처음엔 자극이 있었는데 (리뷰 62906632)"
p044|skinTrouble=C02|트러블/자극,아누아 피디알엔 히알루론산 100 수분크림,트러블/자극,미백 고민,conditional,혼재,자극 없이 순하게 쓸 수 있을까?,"따갑거나 붉어짐 없이 순하게 잘 맞았다는 말이 많다. 다만 처음 사용 시 자극이 있었다는 리뷰와, 사용 후 뭐가 났다는 리뷰가 함께 나온다. 자극을 느꼈다는 쪽은 경미한 수준으로 표현하는 경우가 많지만 초기 반응은 지켜볼 필요가 있어 보인다.",8,3,0,11,54,65,hedged,의견이 갈린다 · 말하지 않은 사람이 많다 · 게이트가 한계를 남겼다,태거 방향 오류 가능,4,"[positive] 따갑거나 붉어짐 없이 잘 맞았고 (리뷰 40022928)
[negative] 처음엔 자극이 있었는데 (리뷰 62906632)
[negative] 이거 사용하고 피부에 뭐가 나서 (리뷰 62503293)
[negative] 자극이 쫌 느껴지더라구요 (리뷰 63733312)"
p044|skinType=A03|트러블/자극,아누아 피디알엔 히알루론산 100 수분크림,트러블/자극,복합성 피부,conditional,혼재,복합성인데 트러블 올라오지 않을까?,"따갑거나 붉어짐 없이 순하다는 말이 많고, 오히려 뾰루지가 가라앉았다는 후기도 나온다. 다만 간지러운 느낌이 들었다는 리뷰와 사용 후 뭐가 났다는 리뷰가 함께 있어, 소수지만 자극 반응이 아예 없다고 보기는 어렵다.",13,3,0,16,79,95,hedged,의견이 갈린다 · 말하지 않은 사람이 많다 · 게이트가 한계를 남겼다,태거 방향 오류 가능,4,"[positive] 뾰루지도 평소보다 빠르게 진정됐고요 (리뷰 47908487)
[positive] 정말 순하고 자극도 없고 (리뷰 38883055)
[negative] 뭔가 간지러운? 느낌 (리뷰 48351729)
[negative] 이거 사용하고 피부에 뭐가 나서 (리뷰 62503293)"
p044|skinTrouble=C06|트러블/자극,아누아 피디알엔 히알루론산 100 수분크림,트러블/자극,블랙헤드 고민,conditional,혼재,블랙헤드 고민 있는데 자극 없이 쓸 수 있을까?,"자극 없이 순하다는 말이 꾸준히 나오고, 뾰루지가 평소보다 빠르게 진정됐다거나 민감한 피부에도 괜찮았다는 후기도 있다. 다만 자극이 조금 느껴졌다는 리뷰도 있어 완전히 무자극이라 단정하긴 어렵다.",7,1,0,8,18,26,hedged,의견이 갈린다 · 말하지 않은 사람이 많다 · 게이트가 한계를 남겼다,소수가 잡음 범위 · 반대 1명 · 태거 방향 오류 가능,4,"[positive] 자극 없이 순한데 (리뷰 53228091)
[positive] 뾰루지도 평소보다 빠르게 진정됐고요 (리뷰 47908487)
[positive] 민감한 저한테도 딱 좋고 (리뷰 63184621)
[negative] 자극이 쫌 느껴지더라구요 (리뷰 63733312)"
p044|skinTrouble=C01|트러블/자극,아누아 피디알엔 히알루론산 100 수분크림,트러블/자극,잡티 고민,conditional,혼재,잡티 있는 피부인데 트러블 안 올라올까?,따갑거나 붉어짐 없이 순하게 잘 맞았고 오히려 트러블이 줄었다는 말이 많다. 다만 처음 사용 시 자극이 있었다는 리뷰와 광대 부위에 좁쌀이 올라왔다는 리뷰가 함께 나온다. 초기 반응이나 특정 부위 트러블은 소수지만 존재한다.,13,2,0,15,71,86,hedged,의견이 갈린다 · 말하지 않은 사람이 많다 · 게이트가 한계를 남겼다,소수가 잡음 범위 · 태거 방향 오류 가능,4,"[positive] 정말 순하고 자극도 없고 (리뷰 38883055)
[positive] 쓰면 쓸수록 여드름이 없어져요 (리뷰 51433961)
[negative] 광대 쪽에 좁쌀 파티 열림 (리뷰 51449433)
[negative] 처음엔 자극이 있었는데 (리뷰 62906632)"
p044|product=None|트러블/자극,아누아 피디알엔 히알루론산 100 수분크림,트러블/자극,조건 없음 (이 제품 리뷰 전체),unconditional,혼재,예민한 피부인데 트러블이나 자극 없이 쓸 수 있을까?,"자극 없이 순하고, 오히려 뾰루지나 좁쌀이 진정되거나 가려앉는다는 후기가 많다. 아토피성 가려움이나 두드러기 없이 예민한 날에도 무난하게 쓸 수 있었다는 언급도 나온다. 다만 광대 쪽에 좁쌀이 올라왔다는 리뷰도 있어, 부위나 피부 상태에 따라 다르게 반응할 여지는 있다.",55,10,0,65,290,355,hedged,의견이 갈린다 · 말하지 않은 사람이 많다 · 게이트가 한계를 남겼다,태거 방향 오류 가능,4,"[positive] 자극 없이 순한데 (리뷰 53228091)
[positive] 아토피 있는 가려움증이나 두드러기 없이 (리뷰 47881772)
[positive] 뾰루지도 평소보다 빠르게 진정됐고요 (리뷰 47908487)
[negative] 광대 쪽에 좁쌀 파티 열림 (리뷰 51449433)"
p044|skinTrouble=C03|트러블/자극,아누아 피디알엔 히알루론산 100 수분크림,트러블/자극,주름 고민,conditional,혼재,잘못 바르면 트러블 잘 올라오는 편인데 이것도 자극 없이 순할까?,예민하거나 트러블이 잘 올라오는 체질이어도 자극 없이 순하게 맞았다는 말이 여럿이다. 성분이 순하고 진정에도 괜찮았다는 언급도 함께 나온다. 다만 사용 후 피부에 뭐가 났다는 리뷰도 있어 완전히 안심하긴 이르다.,8,1,0,9,35,44,hedged,의견이 갈린다 · 말하지 않은 사람이 많다 · 게이트가 한계를 남겼다,소수가 잡음 범위 · 반대 1명 · 태거 방향 오류 가능,3,"[positive] 잘못 바르면 곧잘 뭐가 올라오는 체질입니다 (리뷰 37700255)
[positive] 트러블이 올라오는데 그런 것도 없었어요 (리뷰 60278544)
[negative] 이거 사용하고 피부에 뭐가 나서 (리뷰 62503293)"
p044|skinTrouble=C05|트러블/자극,아누아 피디알엔 히알루론산 100 수분크림,트러블/자극,트러블 고민,conditional,혼재,트러블 피부인데 이거 바르면 자극 없이 괜찮을까?,"초민감·지성 피부도 자극 없이 순하다는 말이 많고, 트러블이 가라앉았다는 언급까지 나온다. 다만 간지러운 느낌이 들었다는 리뷰가 하나 있어 완전히 무자극이라 단정하긴 어렵다.",7,1,0,8,35,43,hedged,의견이 갈린다 · 말하지 않은 사람이 많다 · 게이트가 한계를 남겼다,소수가 잡음 범위 · 반대 1명 · 태거 방향 오류 가능,3,"[positive] 초민감, 지성 피부가 쓰기에 엄청 순하고 자극 1도 없는 (리뷰 62322686)
[positive] 이거 쓰면 진짜 피부 트러블 다 사라짐 (리뷰 62016225)
[negative] 뭔가 간지러운? 느낌 (리뷰 48351729)"
p044|skinTrouble=미기재|트러블/자극,아누아 피디알엔 히알루론산 100 수분크림,트러블/자극,피부고민을 안 밝힌 리뷰,conditional,혼재,예민한 편인데 트러블이나 자극 없이 쓸 수 있을까?,"예민한 날에도 자극 없이 진정되고, 좁쌀이나 두드러기가 가라앉았다는 후기가 많다. 아토피성 가려움 없이 썼다는 언급도 있어 전반적으로 순한 편으로 평가된다. 다만 살짝 트러블이 올라왔다는 반응도 있어 피부에 따라 다를 수 있다.",26,5,0,31,141,172,hedged,의견이 갈린다 · 말하지 않은 사람이 많다 · 게이트가 한계를 남겼다,태거 방향 오류 가능,3,"[positive] 아토피 있는 가려움증이나 두드러기 없이 (리뷰 47881772)
[positive] 예민한 날에도 자극 없고 (리뷰 45916651)
[negative] 살짝식 트러블이 올라와요 (리뷰 43569781)"
p044|skinType=미기재|트러블/자극,아누아 피디알엔 히알루론산 100 수분크림,트러블/자극,피부타입을 안 밝힌 리뷰,conditional,혼재,트러블 올라오는 편은 아닐까?,"아토피성 가려움이나 두드러기 없이 예민한 날에도 자극 없이 썼다는 말이 많고, 좁쌀이 가라앉았다는 후기도 꾸준히 나온다. 다만 살짝씩 트러블이 올라온다는 반대 사례도 있어 피부에 따라 반응이 갈릴 수 있다.",25,5,0,30,133,163,hedged,의견이 갈린다 · 말하지 않은 사람이 많다 · 게이트가 한계를 남겼다,태거 방향 오류 가능,4,"[positive] 아토피 있는 가려움증이나 두드러기 없이 (리뷰 47881772)
[positive] 좁쌀이 바로 사라졌어요 (리뷰 47409117)
[positive] 예민한 날에도 자극 없고 (리뷰 45916651)
[negative] 살짝식 트러블이 올라와요 (리뷰 43569781)"
p044|product=None|향,아누아 피디알엔 히알루론산 100 수분크림,향,조건 없음 (이 제품 리뷰 전체),unconditional,혼재,향에 민감한데 냄새 때문에 거슬리지 않을까?,"무향이거나 냄새가 거의 없다는 말이 많고, 그 안에서 약한 연고향을 좋게 본 리뷰도 있다. 다만 기름냄새가 난다고 지적한 리뷰가 하나 있어, 향에 예민하다면 참고할 만하다.",7,1,4,12,343,355,hedged,의견이 갈린다 · 말하지 않은 사람이 많다 · 게이트가 한계를 남겼다,소수가 잡음 범위 · 반대 1명 · 태거 방향 오류 가능,3,"[positive] 무향에 가까워 냄새에 민감한 제가 느끼기에도 전혀 부담 없이 (리뷰 47402753)
[positive] 특유의 약한 연고 향? 같은 향이 있는데 저는 이런 향 좋아해서 만족해요 (리뷰 39288726)
[negative] 기름냄새가 나는데 (리뷰 63983253)"
p044|skinTrouble=C02|흡수력,아누아 피디알엔 히알루론산 100 수분크림,흡수력,미백 고민,conditional,긍정,발림성 무겁게 겉돌지 않고 잘 스며들까?,"유분감 없이 끈적임 없이 깔끔하게 흡수된다는 말이 많고, 흡수 속도 자체가 빠르다는 언급이 반복된다. 다만 흡수가 되긴 하지만 아주 빠른 편은 아니라는 의견도 함께 나온다.",9,0,1,10,55,65,hedged,말하지 않은 사람이 많다 · 게이트가 한계를 남겼다,태거 방향 오류 가능,4,"[positive] 유분 많지도 않아서 흡수도 잘 되고 (리뷰 39236408)
[positive] 바르면 빠르게 흡수돼서 (리뷰 40022928)
[positive] 끈적임 없이 깔끔하게 흡수돼서 (리뷰 56857294)
[neutral] 흡수는잘 되지만 엄청 빨리 흡수가 되지는 않는거 같아요 (리뷰 62906632)"
p044|product=None|흡수력,아누아 피디알엔 히알루론산 100 수분크림,흡수력,조건 없음 (이 제품 리뷰 전체),unconditional,혼재,이거 흡수 빠른 편일까?,"빠르게 스며든다는 말이 많다. 다만 일부는 흡수는 되지만 아주 빠르진 않다고 하고, 흡수 후 기름기가 남는 느낌이라는 말도 나온다.",57,2,1,60,295,355,hedged,의견이 갈린다 · 말하지 않은 사람이 많다 · 게이트가 한계를 남겼다,소수가 잡음 범위 · 태거 방향 오류 가능,4,"[positive] 흡수도 빠른 편이에요 (리뷰 53228091)
[positive] 흡수 빠르고 (리뷰 52853858)
[neutral] 흡수는잘 되지만 엄청 빨리 흡수가 되지는 않는거 같아요 (리뷰 62906632)
[negative] 흡수가많이잘되는것보다는좀기름기가남는느낌 (리뷰 61624045)"
p044|skinTrouble=미기재|흡수력,아누아 피디알엔 히알루론산 100 수분크림,흡수력,피부고민을 안 밝힌 리뷰,conditional,혼재,이거 바르면 금방 흡수될까?,바르면 빠르게 스며들고 겉은 보송하게 마무리된다는 말이 많다. 반면 흡수가 더디고 기름기가 남는 느낌이라는 리뷰도 소수 있다.,35,2,0,37,135,172,hedged,의견이 갈린다 · 말하지 않은 사람이 많다 · 게이트가 한계를 남겼다,소수가 잡음 범위 · 태거 방향 오류 가능,4,"[positive] 흡수력도 빨라서 (리뷰 48367516)
[positive] 흡수가 잘 된다는 점이 이 제품의 가장 큰 장점 (리뷰 39533316)
[positive] 흡수되면 겉은 보송한데 (리뷰 45916651)
[negative] 흡수가많이잘되는것보다는좀기름기가남는느낌 (리뷰 61624045)"
p044|skinType=미기재|흡수력,아누아 피디알엔 히알루론산 100 수분크림,흡수력,피부타입을 안 밝힌 리뷰,conditional,혼재,이거 바르면 빠르게 흡수되고 안 겉돌까?,바르자마자 흡수되면서 겉은 보송해진다는 말이 많다. 흡수력을 이 제품의 가장 큰 장점으로 꼽는 리뷰도 있다. 다만 흡수가 잘 되기보다 기름기가 남는 느낌이라는 소수 의견도 있다.,32,2,0,34,129,163,hedged,의견이 갈린다 · 말하지 않은 사람이 많다 · 게이트가 한계를 남겼다,소수가 잡음 범위 · 태거 방향 오류 가능,4,"[positive] 흡수력도 빨라서 (리뷰 48367516)
[positive] 흡수가 잘 된다는 점이 이 제품의 가장 큰 장점 (리뷰 39533316)
[positive] 흡수되면 겉은 보송한데 (리뷰 45916651)
[negative] 흡수가많이잘되는것보다는좀기름기가남는느낌 (리뷰 61624045)"
p011|product=None|가성비,에스쁘아 비벨벳 커버쿠션,가성비,조건 없음 (이 제품 리뷰 전체),unconditional,혼재,본품+리필 구성인데 이 가격이면 가성비가 괜찮을까?,"본품과 리필이 함께 들어 있어 오래 쓸 수 있다는 점을 가성비의 이유로 꼽는 리뷰가 많고, 여름용 쿠션 중에서 가성비가 좋다거나 헤라 블랙쿠션 대체용으로 쓴다는 말도 나온다. 다만 가격 자체는 비싸다고 느낀다는 리뷰도 있어, 할인 시점을 노려 산다는 언급이 함께 보인다.",16,4,0,20,406,426,hedged,의견이 갈린다 · 말하지 않은 사람이 많다 · 게이트가 한계를 남겼다,태거 방향 오류 가능,5,"[positive] 본품과 리필이 함께 들어 있어 오래 사용할 수 있는 점도 좋았습니다 (리뷰 63135754)
[positive] 가격대 생각하면 헤라 블랙쿠션 대체용으로 가성비 좋은 제품 (리뷰 47913782)
[positive] 진짜 여름용쿠션 중에 가성비 최고예요 (리뷰 43746673)
[negative] 좀 비싸긴하지만 (리뷰 62346777)
[positive] 할인많이 하면 자주살듯 (리뷰 61754233)"
p011|skinTrouble=미기재|가성비,에스쁘아 비벨벳 커버쿠션,가성비,피부고민을 안 밝힌 리뷰,conditional,혼재,"가격 대비 쓸만한가, 아니면 그냥 저렴한 맛에 사는 건가?","본품과 리필이 함께 들어 있어 오래 쓸 수 있고 기획할인도 잦아서 가성비가 좋다는 말이 많다. 다만 일부는 가격이 살짝 있는 편이라고 느끼며, 저렴하다는 평과는 다른 인상을 전한다.",7,3,0,10,183,193,hedged,의견이 갈린다 · 말하지 않은 사람이 많다 · 게이트가 한계를 남겼다,태거 방향 오류 가능,5,"[positive] 가성비도 좋고 (리뷰 62504698)
[positive] 본품과 리필이 함께 들어 있어 오래 사용할 수 있는 점도 좋았습니다 (리뷰 63135754)
[positive] 기획할인 자주 해서 (리뷰 63686370)
[negative] 좀 비싸긴하지만 (리뷰 62346777)
[negative] 가격이 살짝 있나 라는 생각이 들긴 하지만 (리뷰 63311157)"
p011|skinType=A02|밀착력,에스쁘아 비벨벳 커버쿠션,밀착력,건성 피부,conditional,혼재,건성인데 이 쿠션이 뜨지 않고 밀착될까?,"피부에 착 달라붙고 주름 사이에도 잘 메꿔지면서 매끈한 표면을 만든다는 평이 많다. 다만 건성 피부에서는 막 바른 직후 살짝 떠 보인다는 언급이 있어, 시간이 지나야 밀착되는 느낌을 받는 경우도 있는 듯하다.",8,4,0,12,38,50,hedged,의견이 갈린다 · 말하지 않은 사람이 많다 · 게이트가 한계를 남겼다,태거 방향 오류 가능,3,"[positive] 착!! 착!! 밀착력 더 좋게 해주는 거 같고 (리뷰 47913782)
[positive] 주름 사이에 밀착력 있게 잘 메꿔지구요 (리뷰 44095682)
[negative] 건성에겐 막 바른후 살짝 떠보이는데 (리뷰 43847480)"
p011|skinTrouble=C09|밀착력,에스쁘아 비벨벳 커버쿠션,밀착력,모공 고민,conditional,혼재,모공 신경 쓰이는데 이거 바르면 뜨지 않고 잘 밀착될까?,"모공을 채워주면서 보송하게 밀착된다는 평이 많고, 시간이 지나도 들뜸 없이 붙어 있다는 언급도 있다. 다만 건성 피부는 바른 직후 살짝 뜬다는 말이 있고, 코 옆이 껍질처럼 일어난다는 리뷰도 함께 나온다.",7,2,0,9,24,33,hedged,의견이 갈린다 · 말하지 않은 사람이 많다 · 게이트가 한계를 남겼다,태거 방향 오류 가능,4,"[negative] 건성에겐 막 바른후 살짝 떠보이는데 (리뷰 43847480)
[positive] 모공을 잘 채워줘서 피부 깨끗해보임 (리뷰 48123570)
[positive] 보송하면서도 들뜸 없이 피부에 착 밀착돼서 (리뷰 43741877)
[negative] 바로 코쪽이 껍질처럼 떠서 (리뷰 49696445)"
p011|skinTrouble=C02|밀착력,에스쁘아 비벨벳 커버쿠션,밀착력,미백 고민,conditional,혼재,피부에 얇고 매끈하게 잘 밀착되는 편일까?,피부에 얇게 착 붙어서 매끈한 결로 표현되고 주름 사이에 잘 끼지 않는다는 말이 많다. 다만 메이크업 후 시간이 지나면 묻어남이 있다는 지적도 나온다.,12,3,0,15,53,68,hedged,의견이 갈린다 · 말하지 않은 사람이 많다 · 게이트가 한계를 남겼다,태거 방향 오류 가능,3,"[positive] 피부에 얇게 착! 하고 밀착되면서도 (리뷰 48095472)
[positive] 주름 사이에 끼임도 심하지 않고 (리뷰 62543700)
[negative] 메이크업 후 묻어남도 많은 것 같고 (리뷰 61687641)"
p011|skinType=A03|밀착력,에스쁘아 비벨벳 커버쿠션,밀착력,복합성 피부,conditional,혼재,복합성인데 이거 밀착력 괜찮을까?,"얇고 가볍게 피부에 착 붙어서 모공까지 잘 가려진다는 평이 많다. 다만 코 옆처럼 접히는 부위에서 끼임이 생기고, 시간이 지나면 메이크업이 묻어난다는 지적도 함께 나온다.",22,4,0,26,82,108,hedged,의견이 갈린다 · 말하지 않은 사람이 많다 · 게이트가 한계를 남겼다,태거 방향 오류 가능,4,"[positive] 밀착도 잘되고 (리뷰 44690607)
[positive] 얇고 가볍게 밀착되고 (리뷰 48063207)
[negative] 코옆 등에 끼임이 생기는 곳은 (리뷰 44067495)
[negative] 메이크업 후 묻어남도 많은 것 같고 (리뷰 61687641)"
p011|skinTrouble=C06|밀착력,에스쁘아 비벨벳 커버쿠션,밀착력,블랙헤드 고민,conditional,혼재,블랙헤드 있는 편인데 코 옆에 밀착되다 끼지 않을까?,"모공까지 얇게 밀착되면서 색이 예쁘게 픽스된다는 말이 많다. 다만 코옆 등 접히는 부위에 끼임이 생긴다는 지적이 있고, 건성은 바른 직후 살짝 뜬다는 말도 함께 나온다.",12,3,0,15,33,48,hedged,의견이 갈린다 · 말하지 않은 사람이 많다 · 게이트가 한계를 남겼다,태거 방향 오류 가능,3,"[positive] 얇게 쫙 밀착되면서도 (리뷰 47930024)
[negative] 코옆 등에 끼임이 생기는 곳은 (리뷰 44067495)
[negative] 건성에겐 막 바른후 살짝 떠보이는데 (리뷰 43847480)"
p011|skinTrouble=C01|밀착력,에스쁘아 비벨벳 커버쿠션,밀착력,잡티 고민,conditional,혼재,잡티가 있는 편인데 이 쿠션이 뜨지 않고 잘 붙어있을까?,"얇게 발려도 모공과 잡티가 가려지면서 뭉침 없이 피부에 붙는다는 평이 많다. 매트하게 밀착되는 속도가 빠르다는 언급도 함께 나온다. 다만 시간이 지나면 메이크업이 묻어난다는 반대되는 리뷰도 있어, 밀착이 오래 유지되지 않는 경우도 있는 것으로 보인다.",22,4,0,26,70,96,hedged,의견이 갈린다 · 말하지 않은 사람이 많다 · 게이트가 한계를 남겼다,태거 방향 오류 가능,4,"[positive] 모공커버는 미쳤습니다 (리뷰 48024271)
[positive] 얇고 뭉침없이 피부에 밀착되어서 (리뷰 44056551)
[positive] 미세하게 조금 더 매트하고 밀착되는 속도가 빠르다는 느낌 (리뷰 43855348)
[negative] 메이크업 후 묻어남도 많은 것 같고 (리뷰 61687641)"
p011|product=None|밀착력,에스쁘아 비벨벳 커버쿠션,밀착력,조건 없음 (이 제품 리뷰 전체),unconditional,혼재,쿠션이 뜨거나 들뜨지 않고 잘 밀착될까?,"피부에 쫙 붙는 느낌이고 들뜨는 느낌이 없다는 평이 많다. 다만 모공이 큰 부위에서는 제품이 끼인다는 지적이 있어, 모공이 두드러지는 부위에서는 밀착이 오히려 티가 날 수 있다는 언급이 함께 나온다.",84,17,0,101,325,426,hedged,의견이 갈린다 · 말하지 않은 사람이 많다 · 게이트가 한계를 남겼다,태거 방향 오류 가능,3,"[positive] 피부에 비교적 밀착되는 느낌이고 (리뷰 63954842)
[positive] 들뜨는 느낌이 없었고 (리뷰 62504698)
[negative] 큰 모공에는 끼임이 있는데 (리뷰 44154483)"
p011|skinType=A01|밀착력,에스쁘아 비벨벳 커버쿠션,밀착력,지성 피부,conditional,혼재,지성인데 이거 하나로 밀착이 유지될까?,"피부에 얇게 쫙 밀착되면서 매끄러운 막을 만든 듯 픽스된다는 평이 많다. 다만 기초 케어를 신경 써도 뜬다는 리뷰가 있어, 밀착이 화장품 자체보다 피부 컨디션이나 기초 단계에 좌우된다는 여지도 보인다.",11,2,0,13,32,45,hedged,의견이 갈린다 · 말하지 않은 사람이 많다 · 게이트가 한계를 남겼다,소수가 잡음 범위 · 태거 방향 오류 가능,3,"[positive] 피부 밀착 미쳤어요 (리뷰 63084647)
[positive] 얇게 쫙 밀착되면서도 (리뷰 47930024)
[negative] 기초 열심히 해도 뜨고 (리뷰 63619075)"
p011|skinTrouble=C05|밀착력,에스쁘아 비벨벳 커버쿠션,밀착력,트러블 고민,conditional,혼재,트러블 피부인데 이 쿠션 뜨거나 끼지 않고 밀착될까?,"얇게 뭉침 없이 피부에 착 붙는다는 평이 많고, 그대로 예쁘게 픽스된다는 언급도 이어진다. 다만 코 옆처럼 접히는 부위에서는 끼임이 생긴다는 리뷰가 있어, 얼굴 전체가 아니라 특정 부위에서 미세하게 밀리는 정도로 보인다.",18,2,0,20,62,82,hedged,의견이 갈린다 · 말하지 않은 사람이 많다 · 게이트가 한계를 남겼다,소수가 잡음 범위 · 태거 방향 오류 가능,4,"[positive] 피부 밀착 미쳤어요 (리뷰 63084647)
[positive] 얇고 뭉침없이 피부에 밀착되어서 (리뷰 44056551)
[positive] 정말 예쁘게 픽스됩니다 (리뷰 47902740)
[negative] 코옆 등에 끼임이 생기는 곳은 (리뷰 44067495)"
p011|skinTrouble=미기재|밀착력,에스쁘아 비벨벳 커버쿠션,밀착력,피부고민을 안 밝힌 리뷰,conditional,혼재,이거 하나로 저녁까지 뜨거나 뭉치지 않고 버틸까?,얇게 밀착되면서 시간이 지나도 들뜨거나 뭉치지 않는다는 후기가 많다. 저녁까지 끼임이나 뭉침 없이 간다는 언급도 나온다. 다만 모공이 큰 부위에는 파운데이션이 끼는 느낌이 있다는 지적이 함께 있다.,35,8,0,43,150,193,hedged,의견이 갈린다 · 말하지 않은 사람이 많다 · 게이트가 한계를 남겼다,태거 방향 오류 가능,3,"[positive] 피부에 얇고 고르게 밀착되어 시간이 지나도 들뜨거나 뭉침이 적었고 (리뷰 63135754)
[positive] 저녁까지 끼임없고 뭉침없고 (리뷰 43746673)
[negative] 큰 모공에는 끼임이 있는데 (리뷰 44154483)"
p011|skinType=미기재|밀착력,에스쁘아 비벨벳 커버쿠션,밀착력,피부타입을 안 밝힌 리뷰,conditional,혼재,이거 하나로 밀착력 유지가 될까?,"얇고 고르게 밀착돼 시간이 지나도 들뜨거나 뭉치지 않는다는 말이 많다. 다만 모공이 큰 부위에는 끼임이 생긴다는 언급이 있어, 모공이 두드러지는 부위에서는 다르게 느껴질 수 있다.",34,7,0,41,139,180,hedged,의견이 갈린다 · 말하지 않은 사람이 많다 · 게이트가 한계를 남겼다,태거 방향 오류 가능,3,"[positive] 피부에 얇고 고르게 밀착되어 시간이 지나도 들뜨거나 뭉침이 적었고 (리뷰 63135754)
[positive] 저녁까지 끼임없고 뭉침없고 (리뷰 43746673)
[negative] 큰 모공에는 끼임이 있는데 (리뷰 44154483)"
p011|skinType=A02|발림감/텍스처,에스쁘아 비벨벳 커버쿠션,발림감/텍스처,건성 피부,conditional,혼재,건성인데 이거 얇게 잘 발리면서 안 뜰까?,"깐달걀처럼 얇게 발리면서 매트하게 픽싱된다는 말이 많다. 두껍게 뜨거나 각질이 일어난다는 언급은 거의 없이 세미매트한 제형으로 여름에도 무난하다는 평이 나온다. 다만 쪼이는 느낌이 든다는 리뷰가 있어, 건성이라도 수분 케어를 먼저 챙기는 편이 나아 보인다.",13,2,0,15,35,50,hedged,의견이 갈린다 · 말하지 않은 사람이 많다 · 게이트가 한계를 남겼다,소수가 잡음 범위 · 태거 방향 오류 가능,4,"[positive] 비글로우 퍼프가 더 촉촉하게 발려요 (리뷰 49077773)
[positive] 외관상 피부 표현은 매트하면서 보송하게 (리뷰 47913782)
[positive] 깐달걀처럼 발려서 좋았어요 (리뷰 49696445)
[negative] 쪼이는 게 느껴집니다 (리뷰 44725612)"
p011|skinTrouble=C09|발림감/텍스처,에스쁘아 비벨벳 커버쿠션,발림감/텍스처,모공 고민,conditional,긍정,모공이 신경 쓰이는데 두껍게 뜨지 않고 자연스럽게 발릴까?,"깐달걀처럼 얇게 펴지면서 벨벳 같은 마무리감이 든다는 말이 반복해서 나온다. 두껍게 겹쳐 바른 느낌 없이 커버가 된다는 언급도 함께 나와, 모공을 가리려고 덧발라도 답답하게 뜨지 않는다는 쪽으로 의견이 모인다.",9,0,0,9,24,33,hedged,말하지 않은 사람이 많다 · 게이트가 한계를 남겼다,태거 방향 오류 가능,3,"[positive] 두껍지 않게 올라가고 (리뷰 43794927)
[positive] 포슬포슬하고 벨벳처럼 부드럽고 (리뷰 48557518)
[positive] 더 얇고 커버력 있게 발려서 피부가 답답하지 않네요 (리뷰 48153007)"
p011|skinTrouble=C02|발림감/텍스처,에스쁘아 비벨벳 커버쿠션,발림감/텍스처,미백 고민,conditional,혼재,매트한 쿠션인데 답답하거나 텁텁하지 않을까?,"매트한 제형이면서도 답답하지 않고 얇게 펴 발려 깔끔하게 표현된다는 말이 많다. 모공에 끼지 않고 잘 발린다는 언급도 함께 나온다. 다만 텁텁하다는 반대 의견도 있어, 매트 제형 특유의 무게감을 느끼는 사람이 소수 있는 것으로 보인다.",14,3,0,17,51,68,hedged,의견이 갈린다 · 말하지 않은 사람이 많다 · 게이트가 한계를 남겼다,태거 방향 오류 가능,4,"[positive] 매트한 제형인데 진짜 피부가 답답하지 않고 편안해요. (리뷰 47261197)
[negative] 좀텁텁하고 (리뷰 44643405)
[positive] 발림성도 모공끼임 없이 잘 발려서 (리뷰 44073729)
[positive] 얇게 펴 발려서 피부 표현이 깔끔하게 나오는 편 (리뷰 63605086)"
p011|skinType=A03|발림감/텍스처,에스쁘아 비벨벳 커버쿠션,발림감/텍스처,복합성 피부,conditional,혼재,복합성인데 이거 얇고 가볍게 잘 발릴까?,"퍼석하지 않고 얇고 가볍게 두껍지 않게 올라간다는 말이 많고, 건조함 없이 발린다는 언급도 함께 나온다. 다만 발림성이 그렇게 좋은 편은 아니라거나 텁텁하다는 반응도 소수 있어, 만족도가 갈리는 지점이 있다.",23,3,2,28,80,108,hedged,의견이 갈린다 · 말하지 않은 사람이 많다 · 게이트가 한계를 남겼다,소수가 잡음 범위 · 태거 방향 오류 가능,4,"[positive] 에스쁘아 벨벳은 퍼석한 느낌이 없어서 (리뷰 48024271)
[positive] 아주 얇고 가벼운 쿠션입니다 (리뷰 44055378)
[negative] 발림성은 그렇게 좋은 편은 아닌 것 같아요 (리뷰 47869271)
[negative] 좀텁텁하고 (리뷰 44643405)"
p011|skinTrouble=C01|발림감/텍스처,에스쁘아 비벨벳 커버쿠션,발림감/텍스처,잡티 고민,conditional,혼재,잡티 있는 피부인데 두껍게 뜨지 않고 잘 발릴까?,"쓱쓱 발라도 뜨지 않고 모공에 끼지 않으면서 매트하고 보송하게 표현된다는 말이 많다. 다만 발림성이 좋은 편은 아니라거나 텁텁하다고 느낀 경우도 있어, 소수지만 질감에서 다르게 느끼는 사람이 있다.",19,5,0,24,72,96,hedged,의견이 갈린다 · 말하지 않은 사람이 많다 · 게이트가 한계를 남겼다,태거 방향 오류 가능,5,"[positive] 두껍게는 안 느껴지는 쿠션 (리뷰 48257086)
[positive] 쓱쓱 발라도 뜨는건 없어서 (리뷰 45166038)
[positive] 발림성도 모공끼임 없이 잘 발려서 (리뷰 44073729)
[negative] 발림성은 그렇게 좋은 편은 아닌 것 같아요 (리뷰 47869271)
[negative] 좀텁텁하고 (리뷰 44643405)"
p011|product=None|발림감/텍스처,에스쁘아 비벨벳 커버쿠션,발림감/텍스처,조건 없음 (이 제품 리뷰 전체),unconditional,혼재,매트 쿠션이라던데 뻑뻑하거나 각질 뜨진 않을까?,"바를 때는 촉촉하고 마무리는 매트하면서 보송해 답답하지 않다는 말이 많다. 퍼프를 비글로우로 바꾸면 더 촉촉하게 발린다는 팁도 함께 나온다. 다만 발림성 자체가 그리 좋은 편은 아니라는 리뷰와, 매트하긴 해도 아주 심한 정도는 아니라는 리뷰가 소수 있다.",76,9,3,88,338,426,hedged,의견이 갈린다 · 말하지 않은 사람이 많다 · 게이트가 한계를 남겼다,태거 방향 오류 가능,5,"[positive] 바를땐 촉촉한데 마무리는 보송하고 매트해요 (리뷰 45993423)
[positive] 매트한 제형인데 진짜 피부가 답답하지 않고 편안해요. (리뷰 47261197)
[positive] 비글로우 퍼프가 더 촉촉하게 발려요 (리뷰 49077773)
[negative] 발림성은 그렇게 좋은 편은 아닌 것 같아요 (리뷰 47869271)
[neutral] 발림성은 엄청 매트하진 않아요 (리뷰 48006637)"
p011|skinTrouble=C05|발림감/텍스처,에스쁘아 비벨벳 커버쿠션,발림감/텍스처,트러블 고민,conditional,혼재,트러블 피부인데 발림이 뜨거나 두껍게 뜨지 않을까?,"쓱쓱 발라도 들뜨지 않고, 바를 땐 촉촉하다가 보송하고 매트하게 마무리된다는 말이 많다. 퍼프를 비글로우 같은 촉촉한 것으로 바꾸면 더 낫다는 언급도 있다. 다만 발림성이 그렇게 좋은 편은 아니라는 리뷰도 하나 있어, 손이나 브러시 등 바르는 도구에 따라 체감이 달라질 수 있다.",13,1,1,15,67,82,hedged,의견이 갈린다 · 말하지 않은 사람이 많다 · 게이트가 한계를 남겼다,소수가 잡음 범위 · 반대 1명 · 태거 방향 오류 가능,4,"[positive] 쓱쓱 발라도 뜨는건 없어서 (리뷰 45166038)
[positive] 바를땐 촉촉한데 마무리는 보송하고 매트해요 (리뷰 45993423)
[positive] 비글로우 퍼프가 더 촉촉하게 발려요 (리뷰 49077773)
[negative] 발림성은 그렇게 좋은 편은 아닌 것 같아요 (리뷰 47869271)"
p011|skinTrouble=미기재|발림감/텍스처,에스쁘아 비벨벳 커버쿠션,발림감/텍스처,피부고민을 안 밝힌 리뷰,conditional,혼재,매트 쿠션인데 뻑뻑하거나 두껍게 뜨진 않을까?,"얇게 펴발려도 자연스럽게 밀착되고 보송한 매트 마무리가 된다는 평이 많아, 지성 피부가 여름에 쓰기 좋다는 언급도 나온다. 다만 양을 조절하지 못하면 텁텁하고 두꺼워 보일 수 있다는 지적과, 생각보다 매트해서 픽싱이 빨리 된다는 말도 있어 소량씩 덧바르는 편이 나아 보인다.",25,4,0,29,164,193,hedged,의견이 갈린다 · 말하지 않은 사람이 많다 · 게이트가 한계를 남겼다,태거 방향 오류 가능,5,"[negative] 예상보다 더 매트하여 픽싱이 빨리 되므로 (리뷰 44154483)
[negative] 다만 양조절 잘못하면 살짝 텁텁하고 두꺼워 보일 수 있어서 (리뷰 43724954)
[positive] 뭉치지 않고 자연스럽게 발리고 (리뷰 63762551)
[positive] 보송하게 발려서 (리뷰 44096185)
[positive] 쿠션은 얇고 균일하게 발려 피부 표현이 정말 자연스러워요 (리뷰 63586705)"
p011|skinType=미기재|발림감/텍스처,에스쁘아 비벨벳 커버쿠션,발림감/텍스처,피부타입을 안 밝힌 리뷰,conditional,혼재,쿠션 발림감이 뭉치지 않고 자연스러울까?,얇고 균일하게 발리면서 뭉치지 않고 보송하게 마무리된다는 평이 많다. 지성 피부에 매트한 마무리가 여름철에 좋다는 언급도 있다. 다만 그 매트함이 예상보다 강해서 픽싱이 빨리 되어버린다는 지적도 함께 나온다.,23,3,0,26,154,180,hedged,의견이 갈린다 · 말하지 않은 사람이 많다 · 게이트가 한계를 남겼다,소수가 잡음 범위 · 태거 방향 오류 가능,5,"[negative] 예상보다 더 매트하여 픽싱이 빨리 되므로 (리뷰 44154483)
[positive] 뭉치지 않고 자연스럽게 발리고 (리뷰 63762551)
[positive] 보송하게 발려서 (리뷰 44096185)
[positive] 쿠션은 얇고 균일하게 발려 피부 표현이 정말 자연스러워요 (리뷰 63586705)
[positive] 매트해서 지성이 여름에 쓰기 좋아요 (리뷰 43728338)"
p011|skinTrouble=C01|발색,에스쁘아 비벨벳 커버쿠션,발색,잡티 고민,conditional,혼재,잡티 있는 피부인데 이 쿠션 색이 나한테 맞을까?,"다크닝 없이 발색되고 톤업 효과로 화사해진다는 말이 많다. 밝게 나오는 편이라 미리 참고하고 골랐다는 리뷰도 여럿이다. 다만 그중에서도 생각보다 너무 밝다고 당황한 리뷰가 있어, 원래 톤보다 밝게 나올 수 있다는 점은 감안해야 한다.",7,1,3,11,85,96,hedged,의견이 갈린다 · 말하지 않은 사람이 많다 · 게이트가 한계를 남겼다,소수가 잡음 범위 · 반대 1명 · 태거 방향 오류 가능,4,"[positive] 다크닝이 없어서 (리뷰 47869271)
[neutral] 컬러는 밝게 나온 편이라 (리뷰 43745033)
[positive] 포슬린 컬러는 밝고 화사하게 톤업돼서 (리뷰 43741877)
[negative] 이거 왜이렇게 밝죠 (리뷰 61346908)"
p011|product=None|발색,에스쁘아 비벨벳 커버쿠션,발색,조건 없음 (이 제품 리뷰 전체),unconditional,혼재,쿠션 호수 고를 때 밝게 나온다는데 어느 정도일까?,"바르면 원래 피부톤보다 한 톤가량 밝게 나오고 시간이 지나도 다크닝이 없거나 적다는 말이 많다. 다만 밝게 나온다는 점을 감안해 호수를 한 단계 낮춰 고르라는 언급이 반복된다. 실제로 원래 쓰던 21호가 19호처럼 밝게 나온다고 느낀 경우도 있어, 평소보다 한 단계 어두운 호수를 고려하는 편이 안전하다.",25,6,9,40,386,426,hedged,의견이 갈린다 · 말하지 않은 사람이 많다 · 게이트가 한계를 남겼다,태거 방향 오류 가능,4,"[negative] 요즘 쿠션 밝게 나와서 21호가 무슨 19호 정도로 나옴 (리뷰 62903804)
[positive] 다크닝이 없어서 (리뷰 47869271)
[positive] 피부톤에서 한톤정도 밝아진다고 보면돼요 (리뷰 44524616)
[neutral] 색상이 밝게 나온 편이라는 리뷰들을 참고해서 (리뷰 43904247)"
p011|skinTrouble=미기재|발색,에스쁘아 비벨벳 커버쿠션,발색,피부고민을 안 밝힌 리뷰,conditional,혼재,"호수 고르기 전에 궁금한데, 실제로 발리면 밝게 뜨지 않을까?","노란끼가 돌면서 다크닝 없이 화사하게 맞았다는 후기가 많다. 다만 발색이 타제품보다 하얀 편이고 살짝 밝게 뜬다는 말도 함께 나오는데, 최근 리뷰에서는 다크닝이 심하다는 반대 경험도 보인다. 호수 선택 시 한 톤 낮춰보는 게 안전할 듯하다.",8,3,2,13,180,193,hedged,의견이 갈린다 · 말하지 않은 사람이 많다 · 게이트가 한계를 남겼다,태거 방향 오류 가능,5,"[positive] 다크닝도 비교적 적고 (리뷰 44154483)
[positive] 20호 바닐라 컬러는 19호 피부 기준으로 너무 뜨는느낌없이 화사하게 잘맞았어요 (리뷰 43724954)
[negative] 발색은 타제품에 비해 하얀편이에요 (리뷰 62818744)
[negative] 살짝 밝은 느낌이 있어요 (리뷰 63809113)
[negative] 다크닝 ㅈㄴ 심해요 (리뷰 63464313)"
p011|skinType=미기재|발색,에스쁘아 비벨벳 커버쿠션,발색,피부타입을 안 밝힌 리뷰,conditional,혼재,다크닝 없이 밝게 잘 맞을까?,"다크닝이 적고 노란끼가 돌아 만족스럽다는 평이 있는 반면, 발색이 타제품보다 하얗고 밝은 느낌이라는 말이 함께 나온다. 다크닝이 심하다는 반대 의견도 있어, 밝게 나온다는 색감 자체는 대체로 일치하지만 그것이 장점인지 단점인지는 사람마다 갈린다.",7,3,2,12,168,180,hedged,의견이 갈린다 · 말하지 않은 사람이 많다 · 게이트가 한계를 남겼다,태거 방향 오류 가능,5,"[positive] 다크닝도 비교적 적고 (리뷰 44154483)
[negative] 다크닝 ㅈㄴ 심해요 (리뷰 63464313)
[negative] 발색은 타제품에 비해 하얀편이에요 (리뷰 62818744)
[negative] 살짝 밝은 느낌이 있어요 (리뷰 63809113)
[positive] 노란끼 돌아서 맘에 들어요 (리뷰 63399200)"
p011|skinTrouble=미기재|보습감,에스쁘아 비벨벳 커버쿠션,보습감,피부고민을 안 밝힌 리뷰,conditional,혼재,이거 하나로 촉촉함이 유지될까?,"물광까진 아니어도 당기지 않고 촉촉하다는 말이 많다. 다만 그냥 건조하다는 리뷰가 있고, 건성이라면 건조하게 느껴질 수 있다는 언급도 함께 나온다.",9,2,1,12,181,193,hedged,의견이 갈린다 · 말하지 않은 사람이 많다 · 게이트가 한계를 남겼다,태거 방향 오류 가능,3,"[positive] 촉촉한 편이고 (리뷰 63915129)
[negative] 그냥 건조해서 (리뷰 63606983)
[neutral] 건성에겐 건조할수있겠지만 (리뷰 59436983)"
p011|skinType=미기재|보습감,에스쁘아 비벨벳 커버쿠션,보습감,피부타입을 안 밝힌 리뷰,conditional,혼재,이거 하나로 촉촉함이 유지될까?,"물광까지는 아니면서 은은하게 촉촉하다는 평이 많다. 다만 그냥 건조하다는 리뷰도 있고, 건성이라면 건조하게 느껴질 수 있다는 언급이 함께 나온다.",9,2,1,12,168,180,hedged,의견이 갈린다 · 말하지 않은 사람이 많다 · 게이트가 한계를 남겼다,태거 방향 오류 가능,4,"[positive] 촉촉한 편이고 (리뷰 63915129)
[positive] 촏촏하지만 그렇다고물광이 과한게 아니라서 (리뷰 63292291)
[negative] 그냥 건조해서 (리뷰 63606983)
[neutral] 건성에겐 건조할수있겠지만 (리뷰 59436983)"
p011|skinType=A03|유분/번들거림,에스쁘아 비벨벳 커버쿠션,유분/번들거림,복합성 피부,conditional,혼재,복합성인데 이거 유분 잡아줄까?,"개기름이나 번들거림 없이 보송하게 유지된다는 말이 많다. 다만 복합성 기준으로 오후가 되면 티존 쪽에 유분이 살짝 올라온다는 언급이 있어, 하루 종일 완전히 뽀송한 건 아닐 수 있다.",7,1,3,11,97,108,hedged,의견이 갈린다 · 말하지 않은 사람이 많다 · 게이트가 한계를 남겼다,소수가 잡음 범위 · 반대 1명 · 태거 방향 오류 가능,3,"[positive] 개기름 많이 안올라와서 (리뷰 48546704)
[positive] 번들거림을 잡아줘서 좋아요 (리뷰 44298383)
[neutral] 오후되면 티존에 유분 좀 올라오는 복합성 피부입니다 (리뷰 55265638)"
p011|skinTrouble=C01|유분/번들거림,에스쁘아 비벨벳 커버쿠션,유분/번들거림,잡티 고민,conditional,혼재,잡티 커버하면서 유분도 잡아줄까?,"커버하면서도 번들거림을 잡아주고, 파우더 없이도 보송하다는 말이 많다. 여름철 지성 피부에도 잘 맞는다는 언급이 있고, 개기름 올라오는 속도가 느린 편이라는 후기도 있다. 다만 복합성은 오후가 되면 티존에 유분이 올라온다는 말이 있고, 유분이 많은 부위는 결국 지워진다는 지적도 나온다.",11,2,3,16,80,96,hedged,의견이 갈린다 · 말하지 않은 사람이 많다 · 게이트가 한계를 남겼다,소수가 잡음 범위 · 태거 방향 오류 가능,6,"[negative] 기름쟁이들 유분 많은 곳은 다 지워져요 (리뷰 48024271)
[positive] 파우더 쓰지 않아도 될 것 같고 (리뷰 45166038)
[positive] 여름철 유분 올라오는 지성 피부에도 찰떡이에요 (리뷰 48148040)
[neutral] 오후되면 티존에 유분 좀 올라오는 복합성 피부입니다 (리뷰 55265638)
[positive] 번들거림을 잡아줘서 좋아요 (리뷰 44298383)
[positive] 개기름 올라오는 속도도 느린 편 (리뷰 48487058)"
p011|product=None|유분/번들거림,에스쁘아 비벨벳 커버쿠션,유분/번들거림,조건 없음 (이 제품 리뷰 전체),unconditional,혼재,유분 많은 피부인데 이거 하나로 번들거림 없이 버틸까?,"다른 쿠션보다 매트하고 유분이 올라와도 지저분하게 번지지 않아 파우더 없이도 괜찮다는 말이 많다. 다만 약간의 번들거림이 생긴다는 리뷰가 있고, 복합성은 오후가 되면 티존에 유분이 올라온다는 언급도 나온다. 유분이 아주 많은 편이면 시간이 지나면서 관리가 필요할 수 있다는 정도로 보면 된다.",36,13,3,52,374,426,hedged,의견이 갈린다 · 말하지 않은 사람이 많다 · 게이트가 한계를 남겼다,태거 방향 오류 가능,4,"[positive] 이 쿠션은 다른 쿠션보다 더 매트해요 (리뷰 63037237)
[positive] 유분이 올라와도 지저분하게 번지기보다 (리뷰 62504698)
[negative] 약간의 번들거림이 생겼지만 (리뷰 63815559)
[neutral] 오후되면 티존에 유분 좀 올라오는 복합성 피부입니다 (리뷰 55265638)"
p011|skinType=A01|유분/번들거림,에스쁘아 비벨벳 커버쿠션,유분/번들거림,지성 피부,conditional,혼재,지성인데 이거 하나로 번들거림 없이 매트하게 갈까?,"파우더 없이도 보송하게 마무리되고 매트하게 잡아준다는 말이 많아 지성에 무난하다는 평가가 우세하다. 다만 촉촉함보다 매트함이 강해 건조해 보인다는 의견과, 유분이 많이 나오는 피부에는 뜬다는 지적도 함께 나온다.",6,2,0,8,37,45,hedged,의견이 갈린다 · 말하지 않은 사람이 많다 · 게이트가 한계를 남겼다,태거 방향 오류 가능,4,"[positive] 파우더가 필요 없어요! 바로 보송하게 마무리돼요 (리뷰 47902740)
[positive] 매트해서 지성이 쓰기 좋은 (리뷰 63285184)
[negative] 촉촉하기보다는 살짝 매트해서 (리뷰 43860356)
[negative] 기름이 왕창 나와서 좀 안좋았어요 (리뷰 63936376)"
p011|skinTrouble=C05|유분/번들거림,에스쁘아 비벨벳 커버쿠션,유분/번들거림,트러블 고민,conditional,혼재,트러블 피부인데 유분 뜨지 않고 매트하게 버틸까?,"파우더를 따로 쓰지 않아도 개기름 없이 보송하게 마무리된다는 말이 많고, 티존 유분기 정도는 있어도 지성 피부에 쓰기 좋다는 언급이 이어진다. 다만 기름이 왕창 올라와서 안 좋았다는 리뷰도 있어, 피부 상태에 따라 다르게 느낄 여지는 있다.",9,1,1,11,71,82,hedged,의견이 갈린다 · 말하지 않은 사람이 많다 · 게이트가 한계를 남겼다,소수가 잡음 범위 · 반대 1명 · 태거 방향 오류 가능,4,"[positive] 파우더 쓰지 않아도 될 것 같고 (리뷰 45166038)
[positive] 파우더가 필요 없어요! 바로 보송하게 마무리돼요 (리뷰 47902740)
[positive] 지성분들이 쓰기 좋아요 (리뷰 48108009)
[negative] 기름이 왕창 나와서 좀 안좋았어요 (리뷰 63936376)"
p011|skinTrouble=미기재|유분/번들거림,에스쁘아 비벨벳 커버쿠션,유분/번들거림,피부고민을 안 밝힌 리뷰,conditional,혼재,쿠션 하나로 번들거림 없이 오래 갈까?,"보송한 벨벳 마무리로 유분이 올라와도 지저분하게 번지지 않고 산뜻함이 오래 간다는 평이 많다. 다만 얇게 바를 때 얘기고, 두껍게 바르면 나중에 화장이 뜬다는 지적이 있다. 시간이 지나면서 다크닝처럼 칙칙해지는 느낌을 받았다는 리뷰도 함께 나온다.",13,10,0,23,170,193,hedged,의견이 갈린다 · 말하지 않은 사람이 많다 · 게이트가 한계를 남겼다,태거 방향 오류 가능,4,"[positive] 보송한 벨벳 마무리 덕분에 번들거림 없이 산뜻한 피부를 오래 유지할 수 있었고 (리뷰 63135754)
[positive] 유분이 올라와도 지저분하게 번지기보다 (리뷰 62504698)
[negative] 두껍게 발리면 나중에 화장 다 뜨니까 (리뷰 63373953)
[negative] 금방 다크닝 아닌 다크닝이 생기는 느낌이에요 (리뷰 63698663)"
p011|skinType=미기재|유분/번들거림,에스쁘아 비벨벳 커버쿠션,유분/번들거림,피부타입을 안 밝힌 리뷰,conditional,혼재,쿠션인데 번들거리지 않고 오래 갈까?,"발랐을 때는 보송한 벨벳 마무리로 번들거림 없이 산뜻하다는 평이 많고, 유분이 올라와도 지저분하게 번지지 않는다는 언급도 있다. 다만 두껍게 바르면 나중에 화장이 뜬다는 지적과, 시간이 지나면 다크닝처럼 얼룩이 생긴다는 불만도 나온다. 얇게 바르는 쪽이 유지력에 유리하다는 뉘앙스가 읽힌다.",12,9,0,21,159,180,hedged,의견이 갈린다 · 말하지 않은 사람이 많다 · 게이트가 한계를 남겼다,태거 방향 오류 가능,4,"[positive] 보송한 벨벳 마무리 덕분에 번들거림 없이 산뜻한 피부를 오래 유지할 수 있었고 (리뷰 63135754)
[positive] 유분이 올라와도 지저분하게 번지기보다 (리뷰 62504698)
[negative] 두껍게 발리면 나중에 화장 다 뜨니까 (리뷰 63373953)
[negative] 금방 다크닝 아닌 다크닝이 생기는 느낌이에요 (리뷰 63698663)"
p011|skinType=A02|지속성,에스쁘아 비벨벳 커버쿠션,지속성,건성 피부,conditional,혼재,건성인데 이 쿠션 하나로 하루 종일 지속력이 버틸까?,"아침에 바르고 종일 활동해도 무너지지 않고 유분도 잘 안 올라온다는 말이 많다. 다크닝도 거의 느끼지 못했다는 언급이 있어 건성에게는 무난한 지속력으로 보인다. 다만 여름철에는 무너진다는 리뷰가 있어, 계절에 따라 관리가 필요할 수 있다.",15,2,0,17,33,50,hedged,의견이 갈린다 · 말하지 않은 사람이 많다 · 게이트가 한계를 남겼다,소수가 잡음 범위 · 태거 방향 오류 가능,4,"[positive] 아침에 바르고 하루 종일 활동해도 무너지지 않는 게 가장 큰 장점 (리뷰 48148040)
[positive] 유분 많이 안 올라왔어요 (리뷰 48257086)
[positive] 아직까지는 다크닝을 못 느꼈고 (리뷰 43770242)
[negative] 여름엔 좀 무너짐 ㅠ (리뷰 63925762)"
p011|skinTrouble=C09|지속성,에스쁘아 비벨벳 커버쿠션,지속성,모공 고민,conditional,혼재,모공 신경 쓰이는데 시간 지나도 안 무너질까?,"수정 없이 하루 종일 깔끔하게 유지되고, 덧발라도 뜨지 않는다는 말이 많다. 무너지더라도 지저분하지 않게 자연스럽게 무너진다는 언급도 있다. 다만 여름철에는 무너진다는 리뷰가 있어 계절 영향을 받을 수 있다.",12,1,0,13,20,33,hedged,의견이 갈린다 · 말하지 않은 사람이 많다 · 게이트가 한계를 남겼다,소수가 잡음 범위 · 반대 1명 · 태거 방향 오류 가능,4,"[positive] 하루 종일 수정 없이도 깔끔하게 유지돼요 (리뷰 43741877)
[positive] 수정 화장하느라 한참 뒤에 덧발라도 안 뜨더라구요 (리뷰 45366737)
[positive] 예쁘게 무너지는 편~ (리뷰 44300677)
[negative] 여름엔 좀 무너짐 ㅠ (리뷰 63925762)"
p011|skinType=A04|지속성,에스쁘아 비벨벳 커버쿠션,지속성,민감성 피부,conditional,혼재,민감성 피부인데 이 쿠션 지속력 믿을 만할까?,"화장이 들뜨지 않고 시간이 지나도 유지된다는 말이 많고, 수정 화장 후 덧발라도 안 뜬다는 언급도 있다. 다만 바르자마자 빠르게 픽싱된다는 반응이 하나 있어, 매트하게 굳는 느낌을 부담스러워할 수도 있다.",7,1,0,8,12,20,hedged,의견이 갈린다 · 말하지 않은 사람이 많다 · 게이트가 한계를 남겼다,소수가 잡음 범위 · 반대 1명 · 태거 방향 오류 가능,3,"[positive] 유지력 정말 끝내준다고 (리뷰 48340308)
[negative] 바르자마자 빠르게 픽싱되면서 (리뷰 49816619)
[positive] 수정 화장하느라 한참 뒤에 덧발라도 안 뜨더라구요 (리뷰 45366737)"
p011|skinType=A03|지속성,에스쁘아 비벨벳 커버쿠션,지속성,복합성 피부,conditional,혼재,복합성인데 화장이 오래 버틸까?,"무너질 때도 깔끔하게 무너진다는 등 지속력 자체에 만족하는 리뷰가 많다. 다만 더운 계절엔 수정화장이 필수라는 지적과 오래 쓰다 보면 상태가 무너진다는 언급이 함께 나와, 날씨나 사용 시간이 길어지면 관리가 필요해 보인다.",31,6,0,37,71,108,hedged,의견이 갈린다 · 말하지 않은 사람이 많다 · 게이트가 한계를 남겼다,태거 방향 오류 가능,4,"[positive] 지속력도 좋았어욥 (리뷰 47869271)
[positive] 화장 지속력이 좋고 무너질 때도 예쁘게 무너졌어요 (리뷰 43904247)
[negative] 여름엔 수정화장 필수일 듯 합니다 (리뷰 48024271)
[negative] 쓰다보니 좀 개판5분전 나긴했는데 (리뷰 62903804)"
p011|skinTrouble=C06|지속성,에스쁘아 비벨벳 커버쿠션,지속성,블랙헤드 고민,conditional,혼재,여름에도 무너지지 않고 오래 갈까?,"하루종일 무너짐 없이 유지된다는 말이 많고, 여름철에도 잘 버틴다는 언급이 나온다. 다만 여름엔 수정화장이 필수라는 리뷰와 지속력이 보통이라는 리뷰도 함께 보인다. 무너지더라도 자연스럽게 무너진다는 언급도 있다.",7,1,2,10,38,48,hedged,의견이 갈린다 · 말하지 않은 사람이 많다 · 게이트가 한계를 남겼다,소수가 잡음 범위 · 반대 1명 · 태거 방향 오류 가능,4,"[negative] 여름엔 수정화장 필수일 듯 합니다 (리뷰 48024271)
[positive] 진짜 하루종일 무너짐 없이 (리뷰 43957079)
[neutral] 지속력은 보통이지만 (리뷰 44559601)
[positive] 유지력은 오래가서 여름철에 잘 사용할것 같습니다 (리뷰 43919161)"
p011|skinTrouble=C01|지속성,에스쁘아 비벨벳 커버쿠션,지속성,잡티 고민,conditional,혼재,잡티 커버하려고 쓰는데 시간 지나도 무너지지 않을까?,"아침에 바르면 하루 종일 유지되고 무너져도 다크닝 없이 자연스럽게 무너진다는 평이 많다. 다만 여름철에는 유분 때문에 수정화장이 필수라는 리뷰가 있어, 계절이나 피부 유분에 따라 지속 체감이 달라질 수 있다.",27,5,0,32,64,96,hedged,의견이 갈린다 · 말하지 않은 사람이 많다 · 게이트가 한계를 남겼다,태거 방향 오류 가능,3,"[positive] 아침에 바르고 하루 종일 활동해도 무너지지 않는 게 가장 큰 장점 (리뷰 48148040)
[positive] 화장 지속력이 좋고 무너질 때도 예쁘게 무너졌어요 (리뷰 43904247)
[negative] 여름엔 수정화장 필수일 듯 합니다 (리뷰 48024271)"
p011|product=None|지속성,에스쁘아 비벨벳 커버쿠션,지속성,조건 없음 (이 제품 리뷰 전체),unconditional,혼재,이거 하루 종일 버텨줄까?,"얇게 발려도 보송한 마무리가 비교적 오래 유지되고, 2일간 안 무너졌다는 리뷰까지 있을 만큼 지속력을 긍정하는 말이 많다. 다만 쓰다 보니 상태가 많이 무너졌다는 리뷰도 있어, 시간이 지나면 관리가 필요할 수 있다는 점은 감안하는 게 좋다.",124,17,3,144,282,426,hedged,의견이 갈린다 · 말하지 않은 사람이 많다 · 게이트가 한계를 남겼다,태거 방향 오류 가능,3,"[positive] 화장 진짜 2일간 안 무너졌어요 (리뷰 63084647)
[positive] 보송한 마무리감이 비교적 오래 유지되는 편 (리뷰 62504698)
[negative] 쓰다보니 좀 개판5분전 나긴했는데 (리뷰 62903804)"
p011|skinType=A01|지속성,에스쁘아 비벨벳 커버쿠션,지속성,지성 피부,conditional,혼재,지성인데 이거 하루 종일 무너지지 않고 버틸까?,"지성 피부에서도 화장이 오래 유지되고 무너짐이나 지워짐 걱정 없이 깔끔하게 간다는 말이 많다. 다만 시간이 지나며 피부가 제품에 적응하면 유분과 섞여 다크닝이 온다는 지적도 있어, 시간이 지날수록 칙칙해지는 느낌을 주의 깊게 볼 필요는 있다.",7,1,3,11,34,45,hedged,의견이 갈린다 · 말하지 않은 사람이 많다 · 게이트가 한계를 남겼다,소수가 잡음 범위 · 반대 1명 · 태거 방향 오류 가능,3,"[positive] 지속력은 약 8시간 후 봤을때 (리뷰 45993423)
[positive] 무너짐이나 지워짐 고민없이 깔끔하게 유지되어 좋았고 (리뷰 44027546)
[negative] 피부가 적응하면 먹어서 피부하고 화장 하면 이미 다크닝 와있움 (리뷰 63246542)"
p011|skinTrouble=C05|지속성,에스쁘아 비벨벳 커버쿠션,지속성,트러블 고민,conditional,혼재,트러블 피부인데 화장 무너짐 없이 오래 갈까?,"8시간 이상 지나도 유분이 뜨지 않고 지속력이 좋다는 평이 많다. 다만 쓰다 보니 상태가 무너졌다는 리뷰도 있어, 시간이 많이 지나면 관리가 필요할 수 있다는 언급이 함께 나온다.",24,3,1,28,54,82,hedged,의견이 갈린다 · 말하지 않은 사람이 많다 · 게이트가 한계를 남겼다,소수가 잡음 범위 · 태거 방향 오류 가능,3,"[positive] 화장 진짜 2일간 안 무너졌어요 (리뷰 63084647)
[negative] 쓰다보니 좀 개판5분전 나긴했는데 (리뷰 62903804)
[positive] 지속력은 약 8시간 후 봤을때 (리뷰 45993423)"
p011|skinTrouble=미기재|지속성,에스쁘아 비벨벳 커버쿠션,지속성,피부고민을 안 밝힌 리뷰,conditional,혼재,쿠션 지속력이 오래 가는 편일까? 시간 지나면 무너지지 않을까?,"다크닝 없이 보송한 마무리가 비교적 오래 유지된다는 평이 많고, 무너지는 모양도 자연스럽다는 언급이 이어진다. 다만 3~4시간 지나면 처음보다 확연히 어두워진다는 리뷰도 있어, 시간이 지날수록 톤이 가라앉을 수 있다는 점은 감안할 만하다.",58,7,0,65,128,193,hedged,의견이 갈린다 · 말하지 않은 사람이 많다 · 게이트가 한계를 남겼다,태거 방향 오류 가능,4,"[positive] 지속력 진짜 좋고 (리뷰 62357459)
[positive] 보송한 마무리감이 비교적 오래 유지되는 편 (리뷰 62504698)
[positive] 이 쿠션은 다른 쿠션들보다 다크닝이 없어서 (리뷰 63037237)
[negative] 3~4시간 지나니까 ㅎㅎ.. 처음에 비해 일단 완전 어두워 지고 (리뷰 63464313)"
p011|skinType=미기재|지속성,에스쁘아 비벨벳 커버쿠션,지속성,피부타입을 안 밝힌 리뷰,conditional,혼재,"쿠션 지속력이 괜찮은 편일까, 시간 지나면 뜨거나 어두워질까?","시간이 지나도 보송한 마무리가 유지되고 다른 쿠션보다 다크닝이 덜하다는 평이 많다. 다만 3~4시간 지나면 처음보다 확연히 어두워진다는 리뷰도 있어, 피부에 따라 산화 정도가 다르게 느껴질 수 있다.",57,7,0,64,116,180,hedged,의견이 갈린다 · 말하지 않은 사람이 많다 · 게이트가 한계를 남겼다,태거 방향 오류 가능,4,"[positive] 보송한 마무리감이 비교적 오래 유지되는 편 (리뷰 62504698)
[positive] 이 쿠션은 다른 쿠션들보다 다크닝이 없어서 (리뷰 63037237)
[positive] 지속력 진짜 좋고 (리뷰 62357459)
[negative] 3~4시간 지나니까 ㅎㅎ.. 처음에 비해 일단 완전 어두워 지고 (리뷰 63464313)"
p011|skinType=A02|커버력,에스쁘아 비벨벳 커버쿠션,커버력,건성 피부,conditional,혼재,건성인데 이 쿠션으로 커버력이 충분할까?,"다른 쿠션과 비교해도 커버력이 좋다는 말이 꾸준히 나오고, 톤업 효과까지 만족한다는 평이 많다. 다만 커버력이 그렇게 좋지는 않다는 반대 의견도 있어, 기대치에 따라 다르게 느껴질 수 있다.",19,1,0,20,30,50,hedged,의견이 갈린다 · 말하지 않은 사람이 많다 · 게이트가 한계를 남겼다,소수가 잡음 범위 · 반대 1명 · 태거 방향 오류 가능,2,"[positive] 커버력이 다른 쿠션들 비해 좋습니다 (리뷰 61468779)
[negative] 커버력은 그렇게 좋진 않은거 같아요 (리뷰 63751460)"
p011|skinTrouble=C09|커버력,에스쁘아 비벨벳 커버쿠션,커버력,모공 고민,conditional,혼재,모공 때문에 고민인데 이거 하나로 가려질까?,"모공과 붉은기, 옅은 기미까지 자연스럽게 가려진다는 말이 많다. 다만 한 리뷰에서는 커버력 자체는 살짝 떨어지는 편이라고 언급했다.",10,1,0,11,22,33,hedged,의견이 갈린다 · 말하지 않은 사람이 많다 · 게이트가 한계를 남겼다,소수가 잡음 범위 · 반대 1명 · 태거 방향 오류 가능,3,"[positive] 모공도 잘 가려줌 (리뷰 48557518)
[positive] 붉은 띠와 옅은 기미들은 다 가려워지는 것 같아요 (리뷰 43847480)
[negative] 물론 커버력은 살짝 떨어지지만 (리뷰 43794927)"
p011|skinType=A03|커버력,에스쁘아 비벨벳 커버쿠션,커버력,복합성 피부,conditional,혼재,복합성인데 이 쿠션 하나로 커버가 될까?,매트한 쿠션답게 모공까지 메워주는 중상 이상의 커버력이라는 평이 많다. 두껍게 뜨거나 답답해 보일까 걱정했는데 그 정도는 아니라는 언급도 있다. 다만 커버력이 살짝 떨어진다고 느낀 소수 의견도 함께 나온다.,25,2,0,27,81,108,hedged,의견이 갈린다 · 말하지 않은 사람이 많다 · 게이트가 한계를 남겼다,소수가 잡음 범위 · 태거 방향 오류 가능,3,"[positive] 좀더 모공을 메워준다해야되나 (리뷰 62903804)
[positive] 커버력은 중상 이상이라 (리뷰 44690607)
[negative] 물론 커버력은 살짝 떨어지지만 (리뷰 43794927)"
p011|skinTrouble=C01|커버력,에스쁘아 비벨벳 커버쿠션,커버력,잡티 고민,conditional,혼재,잡티 있는 피부인데 이 쿠션으로 가려질까?,매트한 마무리로 잡티가 잘 가려지고 지속력도 좋다는 평이 많다. 두껍게 뜨거나 답답할까 걱정했는데 그렇지 않았다는 말도 나온다. 다만 여드름 자국처럼 진한 부위는 완전히 가려지진 않는다는 언급과 커버가 조금 부족하다는 소수 의견이 있다.,29,1,1,31,65,96,hedged,의견이 갈린다 · 말하지 않은 사람이 많다 · 게이트가 한계를 남겼다,소수가 잡음 범위 · 반대 1명 · 태거 방향 오류 가능,5,"[positive] 커버력은 매트 쿠션이라 만족합니다! (리뷰 47869271)
[positive] 커버력은 확실히 매트하고 (리뷰 45166038)
[positive] 커버력은 물론 지속력이 좋은 걸로 (리뷰 44056551)
[neutral] 여드름 커버가 되는데 막 엄청 다 가려주진 않아요 (리뷰 62834369)
[negative] 커버가 조금 부족한 느낌? (리뷰 63076081)"
p011|product=None|커버력,에스쁘아 비벨벳 커버쿠션,커버력,조건 없음 (이 제품 리뷰 전체),unconditional,혼재,이 쿠션 하나로 잡티랑 붉은기가 가려질까?,"잡티와 붉은기, 여드름 자국까지 컨실러 없이 커버된다는 말이 많고, 모공을 메워주는 느낌이라는 언급도 있다. 다만 고르게 커버가 안 되는 부분이 있다는 지적도 나와서, 부위에 따라 밀착이 고르지 않을 수 있다는 점은 감안할 필요가 있다.",117,7,4,128,298,426,hedged,의견이 갈린다 · 말하지 않은 사람이 많다 · 게이트가 한계를 남겼다,소수가 잡음 범위 · 태거 방향 오류 가능,4,"[positive] 여드름 붉은기 살짝 두껍게 바르면 컨실러 없어도 가려져요 (리뷰 63084647)
[positive] 잡티와 붉은기를 자연스럽게 커버할 수 있었어요 (리뷰 62504698)
[positive] 좀더 모공을 메워준다해야되나 (리뷰 62903804)
[negative] 고르게 커버가 안되는 부분이 조금 있답니당 (리뷰 63760947)"
p011|skinType=A01|커버력,에스쁘아 비벨벳 커버쿠션,커버력,지성 피부,conditional,긍정,지성인데 여드름 자국이나 붉은기가 잘 가려질까?,"여드름 붉은기나 모공까지 두껍게 바르면 컨실러 없이 가려진다는 말이 많고, 매트하게 잡아준다는 언급도 이어진다. 다만 커버가 되긴 해도 다 덮이는 정도는 아니라는 의견도 있어, 기대만큼 완전히 가리는 느낌은 아닐 수 있다는 점은 참고할 만하다.",12,0,1,13,32,45,hedged,말하지 않은 사람이 많다 · 게이트가 한계를 남겼다,태거 방향 오류 가능,3,"[positive] 여드름 붉은기 살짝 두껍게 바르면 컨실러 없어도 가려져요 (리뷰 63084647)
[positive] 모공도 싹 가려주는거 실화 (리뷰 47902740)
[neutral] 여드름 커버가 되는데 막 엄청 다 가려주진 않아요 (리뷰 62834369)"
p011|skinTrouble=C05|커버력,에스쁘아 비벨벳 커버쿠션,커버력,트러블 고민,conditional,긍정,트러블 피부인데 이거 하나로 붉은기랑 여드름 자국이 가려질까?,"트러블·붉은기가 있어도 좀 더 두껍게 바르면 컨실러 없이 가려진다는 말이 많다. 매트한 마감이라 모공까지 메워주는 느낌이라는 언급도 있고, 지속력도 함께 좋다는 평이 따른다. 다만 이 정도 커버력을 내려면 얇게 펴바르기보다 덧바르는 손질이 필요하다는 전제가 깔려 있다.",20,0,0,20,62,82,hedged,말하지 않은 사람이 많다 · 게이트가 한계를 남겼다,태거 방향 오류 가능,4,"[positive] 여드름 붉은기 살짝 두껍게 바르면 컨실러 없어도 가려져요 (리뷰 63084647)
[positive] 좀더 모공을 메워준다해야되나 (리뷰 62903804)
[positive] 커버력은 매트 쿠션이라 만족합니다! (리뷰 47869271)
[positive] 커버력은 물론 지속력이 좋은 걸로 (리뷰 44056551)"
p011|skinTrouble=미기재|커버력,에스쁘아 비벨벳 커버쿠션,커버력,피부고민을 안 밝힌 리뷰,conditional,혼재,잡티나 붉은기 커버가 확실히 될까?,잡티와 붉은기가 자연스럽게 가려지고 커버력이 좋다는 평이 많다. 다만 고르게 커버가 안 되는 부분이 있다는 말과 커버력이 아주 좋은 정도는 아니라는 의견도 함께 나온다.,50,4,2,56,137,193,hedged,의견이 갈린다 · 말하지 않은 사람이 많다 · 게이트가 한계를 남겼다,소수가 잡음 범위 · 태거 방향 오류 가능,4,"[positive] 잡티와 붉은기를 자연스럽게 커버할 수 있었어요 (리뷰 62504698)
[positive] 커버력 진짜 좋아서 (리뷰 62357459)
[negative] 고르게 커버가 안되는 부분이 조금 있답니당 (리뷰 63760947)
[neutral] 커버력이 많이 좋은건 아닌데 (리뷰 63974959)"
p011|skinType=미기재|커버력,에스쁘아 비벨벳 커버쿠션,커버력,피부타입을 안 밝힌 리뷰,conditional,혼재,"잡티나 붉은기, 이 쿠션 하나로 자연스럽게 가려질까?","잡티나 붉은기가 자연스럽게 가려진다는 평이 많고, 커버력 자체를 만족스러워하는 리뷰가 꾸준하다. 다만 소수는 부위에 따라 고르게 커버되지 않는다고 하고, 기대만큼 세지는 않다는 언급도 있다.",47,4,1,52,128,180,hedged,의견이 갈린다 · 말하지 않은 사람이 많다 · 게이트가 한계를 남겼다,소수가 잡음 범위 · 태거 방향 오류 가능,4,"[positive] 잡티와 붉은기를 자연스럽게 커버할 수 있었어요 (리뷰 62504698)
[positive] 커버력 진짜 좋아서 (리뷰 62357459)
[negative] 고르게 커버가 안되는 부분이 조금 있답니당 (리뷰 63760947)
[neutral] 커버력이 많이 좋은건 아닌데 (리뷰 63974959)"
p011|product=None|트러블/자극,에스쁘아 비벨벳 커버쿠션,트러블/자극,조건 없음 (이 제품 리뷰 전체),unconditional,혼재,이거 바르면 트러블 올라오지 않을까?,"세안을 안 하고 자도 뭐가 안 났다거나 여드름이 안 올라온다는 말이 있는 반면, 하루 썼는데 피부가 뒤집어지거나 간지럽고 좁쌀이 올라왔다는 말도 비슷한 비중으로 나온다. 자극 반응이 사람에 따라 크게 갈리는 편이라, 반응이 빠르게 나타난 사례들이 눈에 띈다.",5,7,0,12,414,426,hedged,의견이 갈린다 · 말하지 않은 사람이 많다 · 게이트가 한계를 남겼다,태거 방향 오류 가능,5,"[negative] 피부에 일단 자극이 조금 있는 것 같아요 (리뷰 61468779)
[positive] 여드름도 별로 안올라오고 좋아요 (리뷰 61947973)
[negative] 피부 바로 뒤집어졌어요 (리뷰 63840784)
[positive] 세안 안 하고 잠들어도 피부에 뭐 하나 안 나서 (리뷰 63698663)
[negative] 이거 하루썼다고 피부 좀 뒤집어졌어요 (리뷰 61322103)"
p011|skinTrouble=미기재|트러블/자극,에스쁘아 비벨벳 커버쿠션,트러블/자극,피부고민을 안 밝힌 리뷰,conditional,혼재,트러블 올라오는 편은 아닐까?,"여드름이나 잡티 없이 잘 맞았다는 후기와, 좁쌀이 올라오거나 간지럽고 심하면 피부가 뒤집어졌다는 후기가 비슷한 비중으로 나온다. 세안을 안 하고 자도 괜찮았다는 사람이 있는 반면, 하루 썼는데도 바로 반응이 온 사람도 있어 원인을 하나로 짚기 어렵다. 예민한 피부라면 피하는 게 좋을 수 있다는 언급이 함께 나온다.",4,5,0,9,184,193,hedged,의견이 갈린다 · 말하지 않은 사람이 많다 · 게이트가 한계를 남겼다,태거 방향 오류 가능,5,"[positive] 여드름도 별로 안올라오고 좋아요 (리뷰 61947973)
[negative] 좁쌀 올라오긴하는데 (리뷰 62188679)
[negative] 피부 바로 뒤집어졌어요 (리뷰 63840784)
[negative] 이거 하루썼다고 피부 좀 뒤집어졌어요 (리뷰 61322103)
[negative] 피부 예민하신 분들은 피하는 게 좋을수도 있어용 (리뷰 63518156)"
p011|skinType=미기재|트러블/자극,에스쁘아 비벨벳 커버쿠션,트러블/자극,피부타입을 안 밝힌 리뷰,conditional,혼재,이거 바르면 트러블 올라오지 않을까?,"여드름 걱정 없이 잘 맞았고 자극도 없었다는 후기가 있는 반면, 좁쌀이 올라오거나 하루 만에 피부가 뒤집어졌다는 후기도 여러 건 나온다. 간지럽다는 언급도 있어 예민한 피부라면 피하는 게 좋겠다는 말까지 붙는다.",3,5,0,8,172,180,hedged,의견이 갈린다 · 말하지 않은 사람이 많다 · 게이트가 한계를 남겼다,태거 방향 오류 가능,5,"[positive] 여드름도 별로 안올라오고 좋아요 (리뷰 61947973)
[negative] 피부 바로 뒤집어졌어요 (리뷰 63840784)
[negative] 이거 하루썼다고 피부 좀 뒤집어졌어요 (리뷰 61322103)
[negative] 피부 간지럽고 (리뷰 62350214)
[negative] 피부 예민하신 분들은 피하는 게 좋을수도 있어용 (리뷰 63518156)"
p005|product=None|가성비,퓌 3D 볼류밍 글로스,가성비,조건 없음 (이 제품 리뷰 전체),unconditional,긍정,이 가격에 이 정도면 가성비 괜찮은 건가?,"가격 자체가 부담 없다는 말과 함께 증정 혜택이나 세트 구성까지 더해져 만족스럽다는 언급이 반복된다. 12000원, 8000원 등 구체적인 가격을 언급하며 이 정도면 괜찮다는 반응이 많고, 재구매를 고려한다는 말도 나온다. 다만 이 주제로 말한 사람은 전체 중 일부이니, 나머지는 가성비를 따로 언급하지 않았다는 뜻이다.",14,0,1,15,379,394,hedged,말하지 않은 사람이 많다 · 게이트가 한계를 남겼다,태거 방향 오류 가능,4,"[positive] 가성비도 좋고 (리뷰 61573806)
[positive] 버터크림스틱 증정 혜택까지 있어 더욱 만족스러웠습니다 (리뷰 61418027)
[positive] 증정까지 있는데 12000원이면 진짜 괜찮네요 (리뷰 63104310)
[neutral] 8000원에 파시면 재구매 고려해볼듯 (리뷰 61665041)"
p005|skinTrouble=C02|광택/윤기,퓌 3D 볼류밍 글로스,광택/윤기,미백 고민,conditional,혼재,유리알 광택이 오래 유지될까?,"바르면 10초 만에 유리알처럼 맑고 입체적인 광택이 올라오고, 그 지속력도 좋다는 말이 많다. 다만 시간이 지나면 반짝임이 많이 줄어든다는 언급도 있어, 처음만큼의 광은 아니어도 어느 정도는 남는다는 정도로 보인다.",25,1,0,26,40,66,hedged,의견이 갈린다 · 말하지 않은 사람이 많다 · 게이트가 한계를 남겼다,소수가 잡음 범위 · 반대 1명 · 태거 방향 오류 가능,4,"[positive] 광택 지속력이 좋아서 (리뷰 61573806)
[positive] 유리알처럼 반짝이는 입체적인 광택감이 너무 예뻤어요! (리뷰 61334572)
[positive] 바르고 10초있음 광 올라옴 (리뷰 62762293)
[negative] 반짝임은 많이 줄어들지만 (리뷰 61770799)"
p005|skinTrouble=C01|광택/윤기,퓌 3D 볼류밍 글로스,광택/윤기,잡티 고민,conditional,혼재,잡티 가리려고 쓰는 립글로스인데 광택도 살아있을까?,도톰하게 발리는 유리막 광택이 입술 주름까지 가려주면서도 예쁘게 올라온다는 말이 많다. 촉촉한 발림과 함께 지속력도 괜찮다는 언급이 꾸준하다. 다만 시간이 지나면 반짝임이 줄어든다는 소수 의견도 있다.,42,1,0,43,75,118,hedged,의견이 갈린다 · 말하지 않은 사람이 많다 · 게이트가 한계를 남겼다,소수가 잡음 범위 · 반대 1명 · 태거 방향 오류 가능,4,"[positive] 유리알처럼 반짝이는 입체적인 광택감이 너무 예뻤어요! (리뷰 61334572)
[positive] 도톰한 유리막 광택으로 입술 주름 커버력이 좋음 (리뷰 63805939)
[positive] 광택 지속력이 좋아서 (리뷰 61573806)
[negative] 반짝임은 많이 줄어들지만 (리뷰 61770799)"
p005|product=None|광택/윤기,퓌 3D 볼류밍 글로스,광택/윤기,조건 없음 (이 제품 리뷰 전체),unconditional,혼재,"발색보다 광 자체가 궁금한데, 이 정도면 유리알 광택이라는 말이 맞을까?","도톰하고 맑은 유리알·탕후루 같은 입체적인 광택감이라는 평이 매우 많고, 시간이 지나도 광 지속력이 좋다는 언급도 함께 나온다. 반짝임이 시간이 지나면서 많이 줄어든다는 소수 의견도 있지만, 전반적으로는 발림 직후뿐 아니라 시간이 지나도 광택이 유지된다는 쪽이 압도적으로 우세하다.",141,1,0,142,252,394,hedged,의견이 갈린다 · 말하지 않은 사람이 많다 · 게이트가 한계를 남겼다,소수가 잡음 범위 · 반대 1명 · 태거 방향 오류 가능,4,"[positive] 도톰하고 맑은 3D 탕후루 광택감에 (리뷰 63775087)
[positive] 차오르는 도자기 유리알 광택감은 70%에서도 역시나 완벽했습니다 (리뷰 63262279)
[positive] 광택 지속력이 좋아서 (리뷰 61573806)
[negative] 반짝임은 많이 줄어들지만 (리뷰 61770799)"
p005|skinType=A03|밀착력,퓌 3D 볼류밍 글로스,밀착력,복합성 피부,conditional,혼재,복합성인데 입술에 잘 밀착되고 안 새어나올까?,바르는 순간 도톰하고 쫀득하게 밀착되면서 입술 주름도 자연스럽게 커버된다는 말이 많다. 다만 일부는 발림 부위 바깥으로 많이 샌다고 불편을 토로했다.,14,3,0,17,95,112,hedged,의견이 갈린다 · 말하지 않은 사람이 많다 · 게이트가 한계를 남겼다,태거 방향 오류 가능,3,"[positive] 바르는 순간 촉촉하게 밀착되면서 (리뷰 61406765)
[positive] 입술에 도톰하게 밀착되면서 입술 주름을 자연스럽게 커버해줘 (리뷰 61334572)
[negative] 너무 많이 새서 굉장히 열받음 (리뷰 63396129)"
p005|skinTrouble=C01|밀착력,퓌 3D 볼류밍 글로스,밀착력,잡티 고민,conditional,혼재,입술에 잘 밀착돼서 뭉치거나 새지 않을까?,"쫀득하고 도톰하게 입술에 밀착되면서 입술 주름까지 자연스럽게 커버된다는 말이 많다. 반면 밀착이 아니라 발림 후 제품이 새어 나와 불편했다는 리뷰도 있어, 바르는 양이나 위치에 따라 결과가 달라질 수 있다.",12,2,0,14,104,118,hedged,의견이 갈린다 · 말하지 않은 사람이 많다 · 게이트가 한계를 남겼다,소수가 잡음 범위 · 태거 방향 오류 가능,3,"[positive] 밀착이 엄청 잘돼서 (리뷰 61373267)
[positive] 입술에 도톰하게 밀착되면서 입술 주름을 자연스럽게 커버해줘 (리뷰 61334572)
[negative] 너무 많이 새서 굉장히 열받음 (리뷰 63396129)"
p005|product=None|밀착력,퓌 3D 볼류밍 글로스,밀착력,조건 없음 (이 제품 리뷰 전체),unconditional,혼재,입술에 바르면 밀착이 잘 되고 오래 버틸까?,도톰하게 밀착되면서 입술 주름까지 자연스럽게 커버된다는 말이 많다. 다만 일부는 발라도 새어나와서 불편했다는 반응을 보였다.,36,7,0,43,351,394,hedged,의견이 갈린다 · 말하지 않은 사람이 많다 · 게이트가 한계를 남겼다,태거 방향 오류 가능,3,"[positive] 제형이 도톰하게 밀착되면서 (리뷰 63262279)
[positive] 입술에 도톰하게 밀착되면서 입술 주름을 자연스럽게 커버해줘 (리뷰 61334572)
[negative] 너무 많이 새서 굉장히 열받음 (리뷰 63396129)"
p005|skinTrouble=미기재|밀착력,퓌 3D 볼류밍 글로스,밀착력,피부고민을 안 밝힌 리뷰,conditional,혼재,이 글로스 바르면 입술에 계속 밀착돼 있을까?,바르는 순간부터 촉촉하고 도톰하게 밀착되면서 세로 주름도 덜 부각된다는 평이 많다. 다만 일부는 시간이 지나면 제형이 입 안쪽으로 밀려 들어온다는 불편을 겪었다.,14,2,0,16,126,142,hedged,의견이 갈린다 · 말하지 않은 사람이 많다 · 게이트가 한계를 남겼다,소수가 잡음 범위 · 태거 방향 오류 가능,3,"[positive] 바르는 순간 촉촉하게 밀착되면서 (리뷰 61406765)
[positive] 특히 입술에 도톰하게 밀착되어 세로 주름이 부각되지 않고 (리뷰 61285595)
[negative] 왜자꾸 입에 들어감??? (리뷰 63136760)"
p005|skinType=미기재|밀착력,퓌 3D 볼류밍 글로스,밀착력,피부타입을 안 밝힌 리뷰,conditional,혼재,립글로스인데 겉돌지 않고 입술에 밀착될까?,발랐을 때 미끄러지지 않고 입술에 도톰하게 밀착되면서 세로 주름도 덜 부각된다는 평이 많다. 시간이 지나도 밀착감이 유지된다는 언급도 함께 나온다. 다만 일부는 발림이 너무 무르거나 양이 많으면 입 안쪽으로 밀려 들어간다는 불편을 이야기한다.,12,2,0,14,109,123,hedged,의견이 갈린다 · 말하지 않은 사람이 많다 · 게이트가 한계를 남겼다,소수가 잡음 범위 · 태거 방향 오류 가능,4,"[positive] 제형이 도톰하게 밀착되면서 (리뷰 63262279)
[positive] 시간이 지나면 입술에 밀착되서 (리뷰 63234726)
[positive] 입술에 미끄러지지 않고 착 밀착돼서 (리뷰 61372625)
[negative] 왜자꾸 입에 들어감??? (리뷰 63136760)"
p005|skinTrouble=C04|발림감/텍스처,퓌 3D 볼류밍 글로스,발림감/텍스처,각질 고민,conditional,혼재,각질 있는 입술인데 이거 바르면 각질이 더 도드라지지 않을까?,"쫀쫀하면서도 촉촉한 제형이라 각질이 부각되지 않고 부드럽게 발린다는 말이 많다. 다만 팁에서 나오는 양이 너무 적어 바르는 과정 자체가 불편하다는 언급이 있고, 다른 제품보다 끈적함이 더 느껴진다는 의견도 있다.",7,2,1,10,27,37,hedged,의견이 갈린다 · 말하지 않은 사람이 많다 · 게이트가 한계를 남겼다,태거 방향 오류 가능,3,"[positive] 촉촉한 제형이라 각질 부각 없이 부드럽게 발리고 (리뷰 63071950)
[negative] 팁에 묻어져 나오는 양이 너무 적어서 (리뷰 63731171)
[neutral] 얼터보다 끈적한 듯 (리뷰 63911805)"
p005|skinType=A02|발림감/텍스처,퓌 3D 볼류밍 글로스,발림감/텍스처,건성 피부,conditional,긍정,건성인데 이 글로스 발림감이 부드러울까?,"촉촉한 타입이라 입술에 쓱쓱 발리고, 부드러우면서도 쫀쫀해 흘러내리지 않는다는 말이 많다. 도톰하게 올라가는 글로스 타입이라는 언급도 있어, 가볍기보다는 밀착감 있게 발리는 편으로 보인다.",10,0,0,10,49,59,hedged,말하지 않은 사람이 많다 · 게이트가 한계를 남겼다,태거 방향 오류 가능,3,"[positive] 촉촉한 타입이라서 입술에 쓱쓱- 잘 발리고 (리뷰 61372932)
[positive] 제형은 딱 적당히 쫀쫀한 글로스라서 흘러내리지 않아서 좋구 (리뷰 61683868)
[positive] 끈적 도톰하게 올라가는 글로스 타입이고 (리뷰 61618173)"
p005|skinTrouble=C02|발림감/텍스처,퓌 3D 볼류밍 글로스,발림감/텍스처,미백 고민,conditional,혼재,"글로스 발림감이 부드러운 편일까, 아니면 꾸덕하게 걸릴까?","촉촉한 타입이라 입술에 부드럽게 잘 발린다는 평이 많고, 펜슬 라인도 밀착이 좋다는 언급이 함께 나온다. 다만 일부는 바를 때 꾸덕한 느낌이 있다고 하고, 머리카락이 달라붙는 끈적함을 지적하기도 한다. 발림성 자체가 별로였다는 반응도 소수 있다.",11,3,3,17,49,66,hedged,의견이 갈린다 · 말하지 않은 사람이 많다 · 게이트가 한계를 남겼다,태거 방향 오류 가능,5,"[positive] 촉촉한 타입이라서 입술에 쓱쓱- 잘 발리고 (리뷰 61372932)
[positive] 립펜슬이 발림성이 밀착되고 좋더라구요 (리뷰 61504514)
[neutral] 발릴때는 좀 꾸덕한느낌인데 (리뷰 62410393)
[neutral] 머리카락 달라붙는 끈적함은 있음 (리뷰 62762293)
[negative] 발림성도 썩… (리뷰 62705514)"
p005|skinType=A03|발림감/텍스처,퓌 3D 볼류밍 글로스,발림감/텍스처,복합성 피부,conditional,혼재,복합성인데 발림성은 괜찮을까?,"유리막처럼 투명하고 맑게 밀착되면서 발림성이 좋다는 평이 많다. 다만 발릴 때 꾸덕한 느낌이 든다는 언급이 있고, 생각보다 끈적이지는 않는다는 반응도 함께 나온다.",15,3,2,20,92,112,hedged,의견이 갈린다 · 말하지 않은 사람이 많다 · 게이트가 한계를 남겼다,태거 방향 오류 가능,3,"[positive] 유리막처럼 투명하고 맑게 올라옵니다 (리뷰 63805939)
[neutral] 발릴때는 좀 꾸덕한느낌인데 (리뷰 62410393)
[negative] 생각보다 너무 끈덕이지는 않는 것 같아요 (리뷰 62323827)"
p005|product=None|발림감/텍스처,퓌 3D 볼류밍 글로스,발림감/텍스처,조건 없음 (이 제품 리뷰 전체),unconditional,혼재,"이 글로스, 발림성은 부드러운 편일까?","크리미하고 가볍게 발리면서 유리막처럼 투명한 광택이 올라온다는 말이 많다. 초반에 살짝 끈적임이 느껴진다는 언급도 함께 나오지만 곧 괜찮아진다는 분위기다. 다만 팁에서 나오는 양이 너무 적다는 지적이 있어, 이 부분은 발림감 자체보다 사용감에서 걸린다는 의견이다.",59,8,9,76,318,394,hedged,의견이 갈린다 · 말하지 않은 사람이 많다 · 게이트가 한계를 남겼다,태거 방향 오류 가능,4,"[positive] 정~말 크리미하게 발림 (리뷰 61575542)
[positive] 유리막처럼 투명하고 맑게 올라옵니다 (리뷰 63805939)
[neutral] 초반에 제형때매 살짝 끈적임이 있긴하지만 (리뷰 63234726)
[negative] 팁에 묻어져 나오는 양이 너무 적어서 (리뷰 63731171)"
p005|skinType=A01|발림감/텍스처,퓌 3D 볼류밍 글로스,발림감/텍스처,지성 피부,conditional,긍정,지성인데 이거 바르면 밀리거나 뭉치지 않을까?,"크리미하게 부드럽게 발리면서도 밀리지 않는다는 후기가 많다. 묽지 않고 적당히 찐덕한 질감이라 입술에 붙어 있는 느낌을 준다는 언급도 함께 나온다. 다른 제품보다 끈적한 편이라는 말도 있지만, 이는 밀림에 대한 불만이 아니라 질감 차이를 짚은 정도다.",8,0,1,9,39,48,hedged,말하지 않은 사람이 많다 · 게이트가 한계를 남겼다,태거 방향 오류 가능,4,"[positive] 정~말 크리미하게 발림 (리뷰 61575542)
[positive] 글로스답게 부드럽게 발리는데 밀리지 않아서 (리뷰 62303239)
[positive] 묽은게 아니라 적당한 찐덕함이 있는 틴트고 (리뷰 61321739)
[neutral] 얼터보다 끈적한 듯 (리뷰 63911805)"
p005|skinTrouble=C05|발림감/텍스처,퓌 3D 볼류밍 글로스,발림감/텍스처,트러블 고민,conditional,혼재,트러블 피부인데 발림감이 부드럽고 쫀쫀할까?,가볍게 발리면서도 흘러내리지 않는 쫀쫀한 텍스처로 입술을 도톰하게 감싸준다는 평이 많다. 다만 팁에 묻어 나오는 양이 너무 적다는 불만이 있어 한 번에 바르는 양 조절이 아쉬울 수 있다. 다른 제품과 비교해 다소 끈적한 편이라는 언급도 함께 나온다.,9,1,2,12,67,79,hedged,의견이 갈린다 · 말하지 않은 사람이 많다 · 게이트가 한계를 남겼다,소수가 잡음 범위 · 반대 1명 · 태거 방향 오류 가능,5,"[positive] 가볍게 발리는데 (리뷰 61444467)
[positive] 제형은 딱 적당히 쫀쫀한 글로스라서 흘러내리지 않아서 좋구 (리뷰 61683868)
[positive] 입술을 도톰하게 감싸주는 쫀쫀한 텍스처라 (리뷰 63100276)
[negative] 팁에 묻어져 나오는 양이 너무 적어서 (리뷰 63731171)
[neutral] 얼터보다 끈적한 듯 (리뷰 63911805)"
p005|skinTrouble=미기재|발림감/텍스처,퓌 3D 볼류밍 글로스,발림감/텍스처,피부고민을 안 밝힌 리뷰,conditional,혼재,"글로스 발림감이 부드러운 편일까, 끈적이거나 무겁게 뜨진 않을까?","꾸덕하면서도 뭉치지 않고 부드럽게 발린다는 평이 많고, 스틱형 립 중 발림성이 가장 좋다는 말까지 나온다. 초반에 제형 때문에 살짝 끈적임이 느껴진다는 언급이 있지만 심하게 찐득거리진 않는다는 쪽이다. 다만 소수는 가끔 무겁게 발리는 느낌이 있다고 말한다.",18,3,3,24,118,142,hedged,의견이 갈린다 · 말하지 않은 사람이 많다 · 게이트가 한계를 남겼다,태거 방향 오류 가능,4,"[positive] 발림성 무지하게 부드럽고 좋습니다 (리뷰 62078909)
[positive] 끈적이는 발림성인데도 뭉치지도 않고 너무 찐득거리지도 않고 (리뷰 61289529)
[neutral] 초반에 제형때매 살짝 끈적임이 있긴하지만 (리뷰 63234726)
[negative] 가끔가다 좀 무겁게 발리는 거 같지만 (리뷰 62720273)"
p005|skinType=미기재|발림감/텍스처,퓌 3D 볼류밍 글로스,발림감/텍스처,피부타입을 안 밝힌 리뷰,conditional,혼재,"발림성이 부드러운 편일까, 무겁게 뜨는 편일까?","부드럽게 발리면서 촉촉하고, 끈적이는 제형인데도 뭉치지 않는다는 말이 많다. 다만 꾸덕하고 두텁게 발린다는 언급과 함께, 가끔 무겁게 발리는 느낌이 든다는 말도 있다. 초반에 살짝 끈적임이 있다는 언급도 함께 나온다.",17,3,2,22,101,123,hedged,의견이 갈린다 · 말하지 않은 사람이 많다 · 게이트가 한계를 남겼다,태거 방향 오류 가능,4,"[positive] 발림성 무지하게 부드럽고 좋습니다 (리뷰 62078909)
[positive] 끈적이는 발림성인데도 뭉치지도 않고 너무 찐득거리지도 않고 (리뷰 61289529)
[neutral] 초반에 제형때매 살짝 끈적임이 있긴하지만 (리뷰 63234726)
[negative] 가끔가다 좀 무겁게 발리는 거 같지만 (리뷰 62720273)"
p005|skinType=A04|발색,퓌 3D 볼류밍 글로스,발색,민감성 피부,conditional,혼재,민감성 피부인데 색감이 사진이랑 다르지 않을까?,"웜톤 베이지, 뮤트 핑크처럼 따뜻하고 여리한 컬러가 예쁘다는 평이 많다. 다만 기존 제품과 색이 달라졌다거나 생각보다 쿨톤으로 느껴진다는 리뷰가 함께 있어, 기대한 발색과 실제 색이 다를 수 있다는 언급이 꾸준히 나온다. 발색 강도 자체는 세지 않다는 말도 있다.",17,3,1,21,8,29,hedged,의견이 갈린다 · 게이트가 한계를 남겼다,태거 방향 오류 가능,5,"[positive] 웜톤 취향 저격으로 굽굽한컬러의 따뜻한 소프트 베이지 컬러라 (리뷰 61365178)
[positive] 여리여리한 뮤트핑크 컬러 예쁘네요 (리뷰 62616580)
[negative] 기존이랑 색이 너무 달라졌어요 (리뷰 62007979)
[negative] 생각보다 쿨!한느낌이고 (리뷰 61479974)
[neutral] 생각보다 발색이 그렇게 강하지 않아서 (리뷰 63359595)"
p005|skinType=A03|발색,퓌 3D 볼류밍 글로스,발색,복합성 피부,conditional,혼재,복합성인데 이 립글로스 발색이 자연스럽게 맑게 나올까?,"연하게도 진하게도 조절되면서 맑고 생기있는 혈색을 낸다는 말이 많다. 다만 웜톤을 기대했는데 실제로는 쿨톤 핑크 베이스로 나온다는 반응이 있어, 발색 자체보다 색상 톤에서 예상과 다를 수 있다는 언급이 나온다.",57,7,3,67,45,112,hedged,의견이 갈린다 · 게이트가 한계를 남겼다,태거 방향 오류 가능,4,"[positive] 진하게 연하게 표현가능해요 (리뷰 62924953)
[positive] 색감도 맑고 생기 있게 표현되어 (리뷰 61406765)
[neutral] 핑크 베이스에 당황할 수 있음 (리뷰 63276425)
[negative] 색이 갈웜임두유알았는데 걍 쿨톤 립이잖아요 (리뷰 63740529)"
p005|skinTrouble=C06|발색,퓌 3D 볼류밍 글로스,발색,블랙헤드 고민,conditional,혼재,색이 예쁘다는데 웜톤한테도 어울릴까?,"바닐라 베이지·바닐라 핑크 계열의 은은한 색감과 탱글한 광이 예쁘다는 말이 많다. 다만 갈웜을 기대했는데 막상 발라보니 쿨톤 립이었다는 리뷰가 있어, 원하는 웜톤감과는 다를 수 있다는 언급이 함께 나온다.",24,2,0,26,19,45,hedged,의견이 갈린다 · 게이트가 한계를 남겼다,소수가 잡음 범위 · 태거 방향 오류 가능,3,"[positive] 바닐라를 얼린 듯 시원한 쿨톤 뮤트 핑크 색감이 여릿하니 정말 예뻐요! (리뷰 61295472)
[positive] 웜톤 찰떡인 따뜻한 바닐라베이지 컬러고 (리뷰 61372461)
[negative] 색이 갈웜임두유알았는데 걍 쿨톤 립이잖아요 (리뷰 63740529)"
p005|skinTrouble=C01|발색,퓌 3D 볼류밍 글로스,발색,잡티 고민,conditional,혼재,잡티 있는 입술인데 이거 바르면 색이 예쁘게 표현될까?,"얇게 바르면 여릿하게, 겹쳐 바르면 진하게 연출된다는 말이 많고, 맑은 발색으로 자연스럽게 혈색을 살려준다는 언급이 꾸준하다. 다만 기존 제품과 색감이 달라졌다는 불만도 있고, 여름뮤트 톤에서는 단독 발색만으로는 안 어울린다는 의견도 나온다.",68,8,4,80,38,118,hedged,의견이 갈린다 · 게이트가 한계를 남겼다,태거 방향 오류 가능,4,"[positive] 진하게 연하게 표현가능해요 (리뷰 62924953)
[positive] 입술에 바르면 자연스럽게 혈색을 살려주는 컬러라 (리뷰 61334572)
[neutral] 여름뮤트라 단독발색으로 어울리진 않지만 (리뷰 61504514)
[negative] 기존이랑 색이 너무 달라졌어요 (리뷰 62007979)"
p005|product=None|발색,퓌 3D 볼류밍 글로스,발색,조건 없음 (이 제품 리뷰 전체),unconditional,혼재,상세페이지 사진처럼 발색이 나올까?,"얇게 바르면 맑고 생기 있게 올라오고 덧바르면 진하게도 연출된다는 말이 많다. 다만 이 제품 단독으로는 상세페이지에서 본 발색이 그대로 나오지 않는다는 지적이 있고, 핑크 베이스라 색감에 당황할 수 있다는 언급도 있다. 쿨톤에게 특히 잘 어울린다는 평이 함께 나온다.",217,24,15,256,138,394,hedged,의견이 갈린다 · 게이트가 한계를 남겼다,태거 방향 오류 가능,5,"[positive] 너무 진하지 않고 맑게 올라와서 (리뷰 62922742)
[positive] 발색도 꽤 있는 편인데 (리뷰 61573806)
[negative] 이 제품 단독으로 색깔이 상세페이지 발색으로 절대 안나옵니다 (리뷰 62078909)
[neutral] 핑크 베이스에 당황할 수 있음 (리뷰 63276425)
[positive] 바닐라 소르베 색상은 확실히 쿨톤한테 훨씬 더 잘 어울리는 컬러입니다 (리뷰 63775087)"
p005|skinType=A01|발색,퓌 3D 볼류밍 글로스,발색,지성 피부,conditional,혼재,지성인데 색이 사진이랑 다르게 뜨지 않을까?,"모브 톤 색상이 기대한 대로 예쁘게 나온다는 말이 많고, 착색은 거의 되지 않는다는 언급도 있다. 다만 생각보다 채도가 높게 나온다는 리뷰도 있어, 발색 강도를 낮게 기대했다면 실제로는 더 진하게 느껴질 수 있다.",24,4,2,30,18,48,hedged,의견이 갈린다 · 게이트가 한계를 남겼다,태거 방향 오류 가능,3,"[positive] 색상 자체는 모브의 정석 같은 색상으로 예쁨 (리뷰 61575542)
[neutral] 착색은 거의 잘 안되는 편이에요 (리뷰 62870136)
[negative] 생각보다 채도가 높았어요 (리뷰 63854693)"
p005|skinTrouble=C05|발색,퓌 3D 볼류밍 글로스,발색,트러블 고민,conditional,혼재,색이 예쁘다는데 막상 발라보면 나한테도 그렇게 예쁘게 나올까?,"바닐라 소르베 같은 컬러가 쿨톤에 특히 잘 어울리고, 부담스럽지 않으면서도 예쁘게 발색된다는 말이 많다. 다만 기존 색상과 달라졌다는 언급과, 생각보다 발색이 강하지 않다는 언급이 함께 나온다. 진하고 또렷한 발색을 기대한다면 여릿한 쪽에 가깝다는 점을 감안하는 게 좋다.",42,4,1,47,32,79,hedged,의견이 갈린다 · 게이트가 한계를 남겼다,소수가 잡음 범위 · 태거 방향 오류 가능,5,"[positive] 바닐라 소르베 색상은 확실히 쿨톤한테 훨씬 더 잘 어울리는 컬러입니다 (리뷰 63775087)
[positive] 여릿한 컬러로 발색되는게 너무 마음에 들더라고요 (리뷰 61373267)
[positive] 컬러가 부담스럽지 않고 (리뷰 61444467)
[negative] 기존이랑 색이 너무 달라졌어요 (리뷰 62007979)
[neutral] 생각보다 발색이 그렇게 강하지 않아서 (리뷰 63359595)"
p005|skinTrouble=미기재|발색,퓌 3D 볼류밍 글로스,발색,피부고민을 안 밝힌 리뷰,conditional,혼재,상세페이지 사진처럼 색이 예쁘게 나올까?,"쿨톤에도 잘 어울리는 차분한 핑크 베이지 톤으로 투명하게 발색된다는 평이 많다. 다만 이 제품만 단독으로 바르면 상세페이지 사진과 같은 발색은 안 나온다는 지적이 있고, 처음 발색했을 때 생각보다 탁하고 진하게 느껴졌다는 언급도 있다.",80,8,8,96,46,142,hedged,의견이 갈린다 · 게이트가 한계를 남겼다,태거 방향 오류 가능,4,"[positive] 차분한 핑크 베이지 느낌이라 어떤 메이크업에도 잘 어울렸어요 (리뷰 61305939)
[positive] 쿨톤이 사용하기 좋은 여릿한 뮤트 핑크 컬러 (리뷰 61418027)
[negative] 이 제품 단독으로 색깔이 상세페이지 발색으로 절대 안나옵니다 (리뷰 62078909)
[neutral] 처음 발색했을땐 너무 탁하고 진해서 (리뷰 61398824)"
p005|skinType=미기재|발색,퓌 3D 볼류밍 글로스,발색,피부타입을 안 밝힌 리뷰,conditional,혼재,상세페이지 색상 그대로 발색될까?,"상세페이지 색보다 연하게, 차분한 핑크·뮤트 톤으로 은은하게 나온다는 말이 많다. 다만 상세페이지 발색은 아예 기대하지 말라는 리뷰도 있어, 정확한 컬러 재현을 원한다면 실망할 수 있다. 투명 글로스에 가까운 옅은 발색이라는 언급이 함께 나온다.",70,7,6,83,40,123,hedged,의견이 갈린다 · 게이트가 한계를 남겼다,태거 방향 오류 가능,4,"[negative] 이 제품 단독으로 색깔이 상세페이지 발색으로 절대 안나옵니다 (리뷰 62078909)
[positive] 차분한 핑크 베이지 느낌이라 어떤 메이크업에도 잘 어울렸어요 (리뷰 61305939)
[positive] 투명한 입 글로스 같이 발색 되구요 (리뷰 63052777)
[neutral] 색은 은은한한편이라 (리뷰 63109735)"
p005|skinType=A03|보습감,퓌 3D 볼류밍 글로스,보습감,복합성 피부,conditional,긍정,복합성인데 립글로스 하나로 촉촉함이 유지될까?,"발랐을 때 립밤을 바른 듯 촉촉하고 시간이 지나도 윤기와 수분감이 유지된다는 평이 많다. 각질이나 건조함이 있던 입술에도 촉촉하게 덮인다는 언급이 있어, 복합성 입술에도 부담 없이 쓸 수 있다는 쪽으로 보인다. 가격이 있다는 언급이 있었지만 촉촉함 자체를 부정적으로 말한 리뷰는 보이지 않는다.",15,0,0,15,97,112,hedged,말하지 않은 사람이 많다 · 게이트가 한계를 남겼다,태거 방향 오류 가능,4,"[positive] 촉촉한 립밤 바른 것처럼 (리뷰 61573806)
[positive] 건조함 없이 오랫동안 윤기가 유지되는 점이 특히 마음에 들었습니다 (리뷰 61406765)
[positive] 건조함이나 각질을 촉촉하게 잠재워줘요. (리뷰 61301111)
[positive] 퓌가 좀 비싼거 같기한데 촉촉하고 향도 좋고 (리뷰 61504514)"
p005|skinTrouble=C01|보습감,퓌 3D 볼류밍 글로스,보습감,잡티 고민,conditional,긍정,입술 각질이나 건조함이 있는데 이거 하나로 촉촉함이 유지될까?,"립밤을 바른 것 같은 촉촉함과 건조함·각질을 잠재워준다는 말이 여러 사람에게서 나온다. 시럽처럼 탱글하고 수분감이 좋다는 표현도 반복되며, 가격이 아쉽다는 언급은 있어도 보습력 자체에 대한 불만은 인용에서 보이지 않는다.",18,0,0,18,100,118,hedged,말하지 않은 사람이 많다 · 게이트가 한계를 남겼다,태거 방향 오류 가능,4,"[positive] 촉촉한 립밤 바른 것처럼 (리뷰 61573806)
[positive] 건조함이나 각질을 촉촉하게 잠재워줘요. (리뷰 61301111)
[positive] 진짜 촉촉 탱글 시럽광 장난 아님!!!! (리뷰 61329291)
[positive] 퓌가 좀 비싼거 같기한데 촉촉하고 향도 좋고 (리뷰 61504514)"
p005|product=None|보습감,퓌 3D 볼류밍 글로스,보습감,조건 없음 (이 제품 리뷰 전체),unconditional,긍정,립글로스인데 건조하지 않고 촉촉하게 가나?,"발랐을 때 립밤을 바른 듯한 촉촉함이 시간이 지나도 잘 유지된다는 말이 많다. 먹는 상황이 아니면 계속 촉촉하다는 언급도 있어, 수정 화장 부담이 적다는 평으로 이어진다.",64,0,0,64,330,394,hedged,말하지 않은 사람이 많다 · 게이트가 한계를 남겼다,태거 방향 오류 가능,3,"[positive] 건조함 없이 오랫동안 윤기가 유지되는 점이 특히 마음에 들었습니다 (리뷰 61406765)
[positive] 촉촉함도 꽤 오래 유지되는 편이라 수정 화장을 자주 하지 않아도 괜찮았습니다 (리뷰 61305939)
[positive] 아주 촉촉하고 먼가를 먹지않는 이상 계속 촉촉하게 지속 (리뷰 61861610)"
p005|skinTrouble=미기재|보습감,퓌 3D 볼류밍 글로스,보습감,피부고민을 안 밝힌 리뷰,conditional,긍정,이거 하나로 입술이 오래 촉촉할까?,"발랐을 때 촉촉하게 발리고 시간이 지나도 그 촉촉함이 꽤 오래 유지된다는 말이 많다. 각질이 일어나거나 금방 마르는 느낌은 언급되지 않았고, 음식을 먹지 않는 이상 계속 촉촉함이 지속된다는 리뷰도 있다. 덕분에 수정 화장을 자주 하지 않아도 괜찮았다는 반응도 함께 나온다.",31,0,0,31,111,142,hedged,말하지 않은 사람이 많다 · 게이트가 한계를 남겼다,태거 방향 오류 가능,4,"[positive] 건조함 없이 오랫동안 윤기가 유지되는 점이 특히 마음에 들었습니다 (리뷰 61406765)
[positive] 촉촉함도 꽤 오래 유지되는 편이라 수정 화장을 자주 하지 않아도 괜찮았습니다 (리뷰 61305939)
[positive] 아주 촉촉하고 먼가를 먹지않는 이상 계속 촉촉하게 지속 (리뷰 61861610)
[positive] 보습이 충~분히 되는 느낌이예요! (리뷰 61307150)"
p005|skinTrouble=C04|유분/번들거림,퓌 3D 볼류밍 글로스,유분/번들거림,각질 고민,conditional,혼재,각질 일어나는 편인데 이거 바르면 끈적이지 않을까?,"산뜻하게 발리고 이른바 '요플레 현상' 없이 데일리로 쓰기 좋다는 말이 많다. 반면 같은 제품을 두고 거미줄처럼 늘어지고 많이 끈적거린다는 말도 그만큼 나온다. 인용만으로는 각질 여부가 이 차이를 가르는지 확인되지 않아, 발림 두께나 개인 피부 상태에 따라 체감이 크게 갈리는 것으로 보인다.",4,4,0,8,29,37,hedged,의견이 갈린다 · 말하지 않은 사람이 많다 · 게이트가 한계를 남겼다,태거 방향 오류 가능,4,"[positive] 끈적임은 심하지 않은데 (리뷰 61337023)
[negative] 너머 끈적끈적하고 거미줄 (리뷰 62791360)
[positive] 끈적임도 심하지 않아 데일리로 쓰기 좋아요 (리뷰 63071950)
[negative] 너무 찐득 한 느낌이라 (리뷰 63427732)"
p005|skinType=A02|유분/번들거림,퓌 3D 볼류밍 글로스,유분/번들거림,건성 피부,conditional,혼재,건성인데 끈적임 없이 발릴까?,"끈적임이 전혀 없다거나 생각보다 심하지 않다는 후기가 있는 반면, 끈적임이 있다는 말도 그만큼 자주 나온다. 일부는 거미줄처럼 끈적하다거나 머리카락이 달라붙을 정도라고 표현하고, 끈적임이 부담스러운 날을 따로 언급하는 리뷰도 있다. 건성이라는 조건과 끈적임 정도를 직접 연결하는 내용은 인용에서 보이지 않는다.",4,7,0,11,48,59,hedged,의견이 갈린다 · 말하지 않은 사람이 많다 · 게이트가 한계를 남겼다,태거 방향 오류 가능,7,"[positive] 끈적임도 생각보다 심하지 않아서 (리뷰 62922742)
[negative] 아무래도 약간의 끈적임은 있는데 (리뷰 62048689)
[negative] 너머 끈적끈적하고 거미줄 (리뷰 62791360)
[positive] 그런데도 끈적이지 않아서 너무 마음에 들어요!! (리뷰 61344048)
[negative] 끈적임이 부담스러운 날에는 (리뷰 63946397)
[positive] 끈적임은 전혀 없어서 (리뷰 62990773)
[negative] 끈적해서 머리카락은 잘 붙어요 (리뷰 62803217)"
p005|skinTrouble=C02|유분/번들거림,퓌 3D 볼류밍 글로스,유분/번들거림,미백 고민,conditional,혼재,"발림은 좋다는데, 실제로 끈적이거나 날림머리 붙는 건 아닐까?",끈적임 자체는 심하지 않다는 반응이 많아 덧발라도 답답하지 않다는 말이 나온다. 다만 발림 성분이 남아서인지 바람이 조금만 불어도 머리카락이 입가에 달라붙는다는 불만이 반복된다. 이 부분은 실외에서 바람을 맞는 상황에서 특히 불편하다는 언급이다.,4,7,1,12,54,66,hedged,의견이 갈린다 · 말하지 않은 사람이 많다 · 게이트가 한계를 남겼다,태거 방향 오류 가능,4,"[positive] 끈적임이 심하지 않아 (리뷰 63665844)
[positive] 끈적임은 전혀 없어서 (리뷰 62990773)
[negative] 바르자마자 바람불면 머리카락이 와라라락 붙어버리지만 (리뷰 62410393)
[negative] 바람이 쪼꼼만 불어도 머리카락이 다 입에 쩍쩍달라붙어서 (리뷰 62863167)"
p005|skinType=A03|유분/번들거림,퓌 3D 볼류밍 글로스,유분/번들거림,복합성 피부,conditional,혼재,복합성인데 이거 바르면 끈적이지 않을까?,끈적임이 과하지 않고 덧발라도 답답하지 않다는 평이 많다. 다만 찐득한 느낌이 든다거나 바람 불면 머리카락이 달라붙는다는 불만도 꾸준히 나온다. 어느 조건에서 갈리는지는 뚜렷하게 나오지 않는다.,8,15,1,24,88,112,hedged,의견이 갈린다 · 말하지 않은 사람이 많다 · 게이트가 한계를 남겼다,태거 방향 오류 가능,5,"[negative] 약간의 끈적임은 있는 편이라 (리뷰 61573806)
[positive] 끈적임은 과하지 않은 편이라 부담 없이 사용할 수 있었고 (리뷰 61406765)
[negative] 너무 찐득 한 느낌이라 (리뷰 63427732)
[negative] 바르자마자 바람불면 머리카락이 와라라락 붙어버리지만 (리뷰 62410393)
[neutral] 덧발라도 답답하거나 끈적이는 느낌이 심하지 않더라고요 (리뷰 63385389)"
p005|skinTrouble=C01|유분/번들거림,퓌 3D 볼류밍 글로스,유분/번들거림,잡티 고민,conditional,혼재,글로스인데 끈적임 심하지 않을까?,"요플레 현상 없이 끈적임이 심하지 않다는 리뷰도 있지만, 찐득하고 진짜 끈적한 글로스라는 말이 더 많이 나온다. 바람 불면 머리카락이 들러붙는다는 언급도 있어 전형적인 유분 많은 글로스에 가깝다는 쪽이 우세하다.",5,11,1,17,101,118,hedged,의견이 갈린다 · 말하지 않은 사람이 많다 · 게이트가 한계를 남겼다,태거 방향 오류 가능,4,"[negative] 진짜 걍 끈적한 글로스인데… (리뷰 63968703)
[negative] 바르자마자 바람불면 머리카락이 와라라락 붙어버리지만 (리뷰 62410393)
[positive] 끈적임이 심하지 않아 (리뷰 63665844)
[neutral] 덧발라도 답답하거나 끈적이는 느낌이 심하지 않더라고요 (리뷰 63385389)"
p005|product=None|유분/번들거림,퓌 3D 볼류밍 글로스,유분/번들거림,조건 없음 (이 제품 리뷰 전체),unconditional,혼재,글로스 타입인데 끈적이지 않을까?,"글로스인데도 생각보다 가볍고 부담 없이 발린다는 평이 많다. 다만 약간의 끈적임은 있는 편이라는 말이 반복적으로 나오고, 아예 없는 타입은 아니라는 언급도 있다. 완전히 산뜻하길 기대하기보다는 글로스 특유의 밀착감이 어느 정도 남는다고 보는 편이 맞겠다.",22,43,3,68,326,394,hedged,의견이 갈린다 · 말하지 않은 사람이 많다 · 게이트가 한계를 남겼다,태거 방향 오류 가능,6,"[positive] 글로스 타입이라 너무 끈적이지 않을까 걱정했는데 생각보다 가볍고 편안하게 발려서 (리뷰 61305939)
[positive] 무엇보다 가장 마음에 들었던 점은 글로스 제품인데도 끈적임이 거의 없다는 점이었어요ㅎㅎ (리뷰 61322855)
[negative] 약간의 끈적임은 있는 편이라 (리뷰 61573806)
[negative] 아무래도 약간의 끈적임은 있는데 (리뷰 62048689)
[negative] 좀 끈적이더라구요ㅠㅠ (리뷰 63958039)
[neutral] 끈적임이 아예 없는 타입은 아니지만 (리뷰 63946977)"
p005|skinTrouble=C05|유분/번들거림,퓌 3D 볼류밍 글로스,유분/번들거림,트러블 고민,conditional,부정,글로스 끈적임 심한 편일까? 잔머리 붙지 않을까?,"끈적한 글로스라는 말이 반복해서 나오고, 정도 차이만 있을 뿐 방향은 한결같이 부정적이다. 특히 잔머리가 입술에 달라붙는다는 구체적인 불편도 언급된다. 끈적임이 부담스러운 날을 따로 언급한 리뷰도 있어, 데일리로 매일 쓰기엔 아쉬울 수 있다는 인상이다.",0,8,0,8,71,79,hedged,말하지 않은 사람이 많다 · 게이트가 한계를 남겼다,태거 방향 오류 가능,3,"[negative] 진짜 걍 끈적한 글로스인데… (리뷰 63968703)
[negative] 제 잔머리들이 자꾸 입술에 달라붙는다는 것 (리뷰 62773111)
[negative] 끈적임이 부담스러운 날에는 (리뷰 63946397)"
p005|skinTrouble=미기재|유분/번들거림,퓌 3D 볼류밍 글로스,유분/번들거림,피부고민을 안 밝힌 리뷰,conditional,혼재,글로스인데 끈적이지 않을까?,"글로스 제품치고는 끈적임이 적고 가볍게 발린다는 평이 많다. 다만 약간의 끈적임은 있다는 리뷰도 꾸준히 나오고, 거슬릴 정도는 아니라는 정도로 넘어가는 경우가 있는가 하면 그냥 끈적였다고만 말하는 경우도 있다.",11,16,1,28,114,142,hedged,의견이 갈린다 · 말하지 않은 사람이 많다 · 게이트가 한계를 남겼다,태거 방향 오류 가능,5,"[positive] 끈적임은 과하지 않은 편이라 부담 없이 사용할 수 있었고 (리뷰 61406765)
[positive] 무엇보다 가장 마음에 들었던 점은 글로스 제품인데도 끈적임이 거의 없다는 점이었어요ㅎㅎ (리뷰 61322855)
[negative] 아무래도 약간의 끈적임은 있는데 (리뷰 62048689)
[negative] 좀 끈적이더라구요ㅠㅠ (리뷰 63958039)
[neutral] 끈적이긴 하지만 거슬리는 정도가 아니였어요 (리뷰 63854693)"
p005|skinType=미기재|유분/번들거림,퓌 3D 볼류밍 글로스,유분/번들거림,피부타입을 안 밝힌 리뷰,conditional,혼재,글로스인데 끈적이지 않을까?,"글로스치고는 끈적임이 적고 가볍게 발린다는 평이 많다. 다만 끈적한 느낌이 있다고 짚는 리뷰도 있어, 글로스 특유의 끈적임 자체가 아예 없는 건 아니라는 쪽도 있다. 어느 조건에서 더 끈적이는지는 리뷰에 나오지 않는다.",9,14,0,23,100,123,hedged,의견이 갈린다 · 말하지 않은 사람이 많다 · 게이트가 한계를 남겼다,태거 방향 오류 가능,4,"[positive] 글로스 타입이라 너무 끈적이지 않을까 걱정했는데 생각보다 가볍고 편안하게 발려서 (리뷰 61305939)
[negative] 좀 끈적이더라구요ㅠㅠ (리뷰 63958039)
[negative] 끈적한 느낌이 제일 잇는 대신 (리뷰 62708562)
[positive] 끈적임 없이 도톰하게 밀착되고 (리뷰 61320643)"
p005|skinType=A02|지속성,퓌 3D 볼류밍 글로스,지속성,건성 피부,conditional,혼재,건성인데 이 글로스 지속력은 괜찮을까?,지속력이 짧고 밥을 먹거나 시간이 지나면 금방 사라진다는 말이 많다. 착색이 거의 없어 발림 자체가 오래 남지 않는다는 언급도 있다. 반면 생각보다 오래 갔다는 말도 나오지만 소수에 그친다.,3,7,0,10,49,59,hedged,의견이 갈린다 · 말하지 않은 사람이 많다 · 게이트가 한계를 남겼다,태거 방향 오류 가능,4,"[negative] 지속력은 밥 먹고 나면 사라지는 편이에요 (리뷰 62048689)
[negative] 지속력은 많이 아쉽지만 (리뷰 62831154)
[negative] 착색이 별로 없어서 (리뷰 63846560)
[positive] 생각보다 지속력이 좋았어요 (리뷰 61770799)"
p005|skinTrouble=C09|지속성,퓌 3D 볼류밍 글로스,지속성,모공 고민,conditional,혼재,"이 제품 하나로 오래 버틸까, 자주 덧발라야 할까?","지속력이 짧다는 리뷰가 다수다. 음식을 먹거나 음료를 마시면 쉽게 지워진다는 언급이 있고, 착색이 거의 없는 대신 유지력이 짧다는 말도 있다. 반면 입술이 편안하고 지속력이 좋다는 의견도 소수 있어, 발림감과 지속력을 맞바꾼 제품으로 보는 편이 맞다.",2,6,0,8,19,27,hedged,의견이 갈린다 · 말하지 않은 사람이 많다 · 게이트가 한계를 남겼다,태거 방향 오류 가능,4,"[negative] 음식을 먹거나 음료를 마시면 쉽게 지워짐 (리뷰 63276425)
[negative] 착색이 거의 없어서 유지력 짧은편이고 (리뷰 61728639)
[positive] 지속력 좋고 (리뷰 61493217)
[positive] 오랫동안 입술도 편안하지만 (리뷰 63396129)"
p005|skinTrouble=C02|지속성,퓌 3D 볼류밍 글로스,지속성,미백 고민,conditional,혼재,"발림이나 광택은 예쁜데, 시간 지나도 색이 버텨줄까?","바람이 불어도 겉돌지 않고 광택감이 오래 유지된다는 평이 많다. 다만 지속력 자체는 아쉽다는 말이 따로 나오고, 입술 안쪽만 먼저 지워져 얼룩진 것처럼 남는다는 리뷰도 있다. 광택과 색 지속은 별개로 봐야 한다는 뜻이다.",7,4,0,11,55,66,hedged,의견이 갈린다 · 말하지 않은 사람이 많다 · 게이트가 한계를 남겼다,태거 방향 오류 가능,5,"[positive] 바람이 불어도 쉽게 지워지거나 겉돌지 않습니다 (리뷰 62977536)
[positive] 광택감은 오래 유지돼서 (리뷰 61337023)
[negative] 입술 안쪽만 지워진 웃긴 립이 더ㅣ어있음 (리뷰 63810945)
[negative] 지속력은 많이 아쉽지만 (리뷰 62831154)
[negative] 지속력이 좋지는 않지만 (리뷰 59279039)"
p005|skinType=A03|지속성,퓌 3D 볼류밍 글로스,지속성,복합성 피부,conditional,혼재,복합성인데 이거 하나로 색이 오래 버틸까?,"여러 번 덧발라도 컬러감이 맑게 유지되고 광택감이 오래 간다는 평이 있다. 하지만 글로스 특성상 지속력 자체는 길지 않다는 말이 많고, 음식을 먹거나 음료를 마시면 쉽게 지워진다는 지적, 입술 안쪽만 먼저 지워진다는 구체적인 불만도 나온다. 바람에 겉돌지 않는다는 언급은 있지만 마찰이나 음식물 앞에서는 약하다는 쪽이 우세하다.",9,13,0,22,90,112,hedged,의견이 갈린다 · 말하지 않은 사람이 많다 · 게이트가 한계를 남겼다,태거 방향 오류 가능,6,"[negative] 글로스라 지속력은 거의 없는데 (리뷰 61352117)
[negative] 지속력이 길지는 않습니다 (리뷰 63805939)
[negative] 음식을 먹거나 음료를 마시면 쉽게 지워짐 (리뷰 63276425)
[negative] 입술 안쪽만 지워진 웃긴 립이 더ㅣ어있음 (리뷰 63810945)
[positive] 광택감은 오래 유지돼서 (리뷰 61337023)
[positive] 여러 번 덧발라도 맑고 예쁜 컬러감이 유지되더라구용!! (리뷰 61334572)"
p005|skinTrouble=C01|지속성,퓌 3D 볼류밍 글로스,지속성,잡티 고민,conditional,혼재,"이거 하나로 오래 버틸까, 아니면 자꾸 손이 갈까?","바람이 불어도 겉돌지 않고 여러 번 덧발라도 컬러감이 유지된다는 말이 많다. 다만 지속력이 길지 않다는 말과 함께, 입술 안쪽만 먼저 지워져서 얼룩덜룩해진다는 구체적인 불만이 나온다. 전체적으로 벗겨진다기보다 특정 부위부터 지워지는 패턴을 지적하는 리뷰가 있다.",10,13,0,23,95,118,hedged,의견이 갈린다 · 말하지 않은 사람이 많다 · 게이트가 한계를 남겼다,태거 방향 오류 가능,5,"[positive] 바람이 불어도 쉽게 지워지거나 겉돌지 않습니다 (리뷰 62977536)
[positive] 여러 번 덧발라도 맑고 예쁜 컬러감이 유지되더라구용!! (리뷰 61334572)
[negative] 지속력이 길지는 않습니다 (리뷰 63805939)
[negative] 입술 안쪽만 지워진 웃긴 립이 더ㅣ어있음 (리뷰 63810945)
[negative] 좀 더 지속력이 오래가게 해줄 수는 없겠니? (리뷰 63427732)"
p005|product=None|지속성,퓌 3D 볼류밍 글로스,지속성,조건 없음 (이 제품 리뷰 전체),unconditional,혼재,밥 먹거나 시간 지나도 색이 남아있을까?,"바람이 불어도 겉돌지 않고 덧발라도 컬러가 맑게 유지된다는 만족이 있다. 하지만 글로스 특성상 지속력 자체가 약하다는 말이 꾸준히 나오고, 밥을 먹고 나면 사라지는 편이라는 지적도 있다. 오래 유지되길 기대하기보다 수시로 덧바르는 용도로 보는 편이 낫다는 흐름이다.",29,42,1,72,322,394,hedged,의견이 갈린다 · 말하지 않은 사람이 많다 · 게이트가 한계를 남겼다,태거 방향 오류 가능,5,"[positive] 바람이 불어도 쉽게 지워지거나 겉돌지 않습니다 (리뷰 62977536)
[positive] 여러 번 덧발라도 맑고 예쁜 컬러감이 유지되더라구용!! (리뷰 61334572)
[negative] 글로스라 지속력은 거의 없는데 (리뷰 61352117)
[negative] 지속력은 밥 먹고 나면 사라지는 편이에요 (리뷰 62048689)
[negative] 지속력이 그리 좋지는 않음 (리뷰 61575542)"
p005|skinType=A01|지속성,퓌 3D 볼류밍 글로스,지속성,지성 피부,conditional,혼재,지성인데 이 글로스 지속력 괜찮을까?,"글로스 특성상 꾸덕한 텍스처 덕에 다른 글로스보다는 오래간다는 평이 있다. 하지만 착색력 자체가 약해서 유지력이 짧다는 지적이 더 많고, 지속력이 아예 없다시피 하다는 반응도 나온다.",3,7,0,10,38,48,hedged,의견이 갈린다 · 말하지 않은 사람이 많다 · 게이트가 한계를 남겼다,태거 방향 오류 가능,4,"[positive] 지속력도 꾸덕해서 좋은 것 같아요 (리뷰 63104310)
[negative] 착색이 거의 없어서 유지력 짧은편이고 (리뷰 61728639)
[negative] 유지력이 구림 (리뷰 63321375)
[positive] 글로스 중에서 제일 오래 잘 가는 것 같아요 (리뷰 63283029)"
p005|skinTrouble=C05|지속성,퓌 3D 볼류밍 글로스,지속성,트러블 고민,conditional,혼재,글로스인데 지속력은 어느 정도일까?,촉촉한 제형인데도 도너츠 현상 없이 색이 오래 유지되고 꾸덕한 느낌이 지속력을 준다는 말이 많다. 반면 글로스 특성상 지속력을 기대하기 어렵다는 말과 체감상 빨리 없어진다는 말도 함께 나온다. 동봉된 스틱 제품은 별도로 지속력이 아쉽다는 언급도 있다.,6,7,0,13,66,79,hedged,의견이 갈린다 · 말하지 않은 사람이 많다 · 게이트가 한계를 남겼다,태거 방향 오류 가능,5,"[negative] 글로스라 지속력은 거의 없는데 (리뷰 61352117)
[positive] 지속력도 꾸덕해서 좋은 것 같아요 (리뷰 63104310)
[positive] 촉촉한거 치고 지속력 괜춘 (리뷰 62627179)
[negative] 체감상 너무 빨리 없어지는 것 같아요 (리뷰 63861107)
[negative] 같이 주는 스틱은 지속력이 안 좋아욥 (리뷰 61932824)"
p005|skinTrouble=미기재|지속성,퓌 3D 볼류밍 글로스,지속성,피부고민을 안 밝힌 리뷰,conditional,혼재,이거 발라두면 시간 지나도 광이나 보습감이 유지될까?,"보습막이나 광 자체는 시간이 지나도 유지된다는 말이 많고, 생각보다 오래간다는 반응도 있다. 반면 식사 후에는 지속력이 사라지는 편이라는 말이 있고, 나쁘지도 좋지도 않다거나 아쉽다는 애매한 평가도 함께 나온다. 특별한 조건 없이도 사람마다 체감이 크게 갈리는 편이다.",14,14,1,29,113,142,hedged,의견이 갈린다 · 말하지 않은 사람이 많다 · 게이트가 한계를 남겼다,태거 방향 오류 가능,4,"[positive] 보습막이 오랫동안 유지되어 (리뷰 63262279)
[negative] 지속력은 밥 먹고 나면 사라지는 편이에요 (리뷰 62048689)
[positive] 지속력이 생각보다 오래가서 놀랐고 (리뷰 63234726)
[negative] 지속력은 안 좋지는 않은데 좋지도 않아서 (리뷰 63958039)"
p005|skinType=미기재|지속성,퓌 3D 볼류밍 글로스,지속성,피부타입을 안 밝힌 리뷰,conditional,혼재,"이거 바르면 오래 가나, 아니면 금방 무너질까?","보습막과 광택이 시간이 지나도 유지된다는 말이 많고, 지속력이 생각보다 오래간다고 놀랐다는 리뷰도 있다. 반면 지속력이 나쁘지도 좋지도 않다거나 아쉽다는 말, 내구성이 별로라는 말도 함께 나온다. 갈림을 설명할 조건(부위·시간대 등)은 인용에서 뚜렷하게 보이지 않는다.",12,12,1,25,98,123,hedged,의견이 갈린다 · 말하지 않은 사람이 많다 · 게이트가 한계를 남겼다,태거 방향 오류 가능,6,"[positive] 보습막이 오랫동안 유지되어 (리뷰 63262279)
[positive] 지속력이 생각보다 오래가서 놀랐고 (리뷰 63234726)
[positive] 시간이 지나도 광이 예쁘게 유지됩니다 (리뷰 61320643)
[negative] 지속력은 안 좋지는 않은데 좋지도 않아서 (리뷰 63958039)
[negative] 지속력은 아쉬우나 (리뷰 63387796)
[negative] 내구성은 구림 (리뷰 63136760)"
p005|product=None|향,퓌 3D 볼류밍 글로스,향,조건 없음 (이 제품 리뷰 전체),unconditional,혼재,"향 괜찮은 편일까, 철 냄새 같은 거 나지 않을까?","은은하거나 진하게 달달한 캔디향, 딸기 사탕향이라 만족스럽다는 리뷰가 다수다. 다만 소수지만 철 냄새가 난다는 리뷰가 있어 향에 예민하다면 참고할 만하다. 새콤달콤한 향으로 느낀 리뷰도 있어 단맛의 정도는 사람마다 다르게 느끼는 듯하다.",13,4,1,18,376,394,hedged,의견이 갈린다 · 말하지 않은 사람이 많다 · 게이트가 한계를 남겼다,태거 방향 오류 가능,4,"[negative] 철 냄새 나요 (리뷰 62078909)
[positive] 달달한 딸기 사탕 향이라 저는 개인적으로 너무 맘에 들고 (리뷰 63052777)
[positive] 향도 달달한 캔디향이 나요 저는 개인적으로 향 좋앗음!! (리뷰 61683868)
[positive] 향도 은은하게 달달한데 인위적이지않고 좋구 (리뷰 61393817)"
p005|skinTrouble=미기재|향,퓌 3D 볼류밍 글로스,향,피부고민을 안 밝힌 리뷰,conditional,혼재,향이 강하다던데 거부감 없이 쓸 수 있을까?,"딸기·복숭아 같은 달달한 향이 인위적이지 않고 계속 맡고 싶다는 평이 많다. 다만 철 냄새가 난다는 리뷰와 향 때문에 머리가 아프다는 리뷰가 소수 있어, 향에 예민하다면 참고할 만하다.",8,2,0,10,132,142,hedged,의견이 갈린다 · 말하지 않은 사람이 많다 · 게이트가 한계를 남겼다,태거 방향 오류 가능,3,"[negative] 철 냄새 나요 (리뷰 62078909)
[positive] 달달한 딸기 사탕 향이라 저는 개인적으로 너무 맘에 들고 (리뷰 63052777)
[negative] 향이 조금 머리 아프긴한데 (리뷰 63149549)"
p005|skinType=미기재|향,퓌 3D 볼류밍 글로스,향,피부타입을 안 밝힌 리뷰,conditional,혼재,달달한 향이라던데 나한테는 인위적이거나 머리 아프지 않을까?,"달달한 향이 은은하고 인위적이지 않다는 평이 많고, 딸기 사탕이나 복숭아 마이쮸에 비유하며 좋아하는 반응이 꾸준하다. 다만 철 냄새가 난다는 리뷰와 향 때문에 머리가 아프다는 리뷰도 있어, 향에 예민한 편이라면 참고할 만하다.",8,2,0,10,113,123,hedged,의견이 갈린다 · 말하지 않은 사람이 많다 · 게이트가 한계를 남겼다,태거 방향 오류 가능,5,"[negative] 철 냄새 나요 (리뷰 62078909)
[positive] 달달한 딸기 사탕 향이라 저는 개인적으로 너무 맘에 들고 (리뷰 63052777)
[positive] 향도 은은하게 달달한데 인위적이지않고 좋구 (리뷰 61393817)
[negative] 향이 조금 머리 아프긴한데 (리뷰 63149549)
[positive] 냄새도 복숭아 마이쮸향이라 넘나 좋아요 (리뷰 63490397)"
